--
-- Structure de la table `cities`
-- ( UNSIGNED = non négatif ; collate = jeu de caractére)

CREATE TABLE `cities` (
  `id` int(10) UNSIGNED NOT NULL,
  `department_code` varchar(3) COLLATE utf8mb4_unicode_ci NOT NULL,
  `insee_code` varchar(5) COLLATE utf8mb4_unicode_ci DEFAULT NULL,
  `zip_code` varchar(5) COLLATE utf8mb4_unicode_ci DEFAULT NULL,
  `name` varchar(255) COLLATE utf8mb4_unicode_ci NOT NULL,
  `slug` varchar(255) COLLATE utf8mb4_unicode_ci NOT NULL,
  `gps_lat` double(16,14) NOT NULL,
  `gps_lng` double(17,14) NOT NULL
) ENGINE=InnoDB DEFAULT CHARSET=utf8mb4 COLLATE=utf8mb4_unicode_ci;

--
-- Déchargement des données de la table `cities`
--

INSERT INTO `cities` (`id`, `department_code`, `insee_code`, `zip_code`, `name`, `slug`, `gps_lat`, `gps_lng`) VALUES
(29900, '75', '75056', '75001', 'Paris', 'paris', 48.86404930000000, 2.33105260000000),
(29901, '75', '75056', '75002', 'Paris', 'paris', 48.86756410000000, 2.34399000000000),
(29902, '75', '75056', '75003', 'Paris', 'paris', 48.86347990000000, 2.35911450000000),
(29903, '75', '75056', '75004', 'Paris', 'paris', 48.85342750000000, 2.35827880000000),
(29904, '75', '75056', '75005', 'Paris', 'paris', 48.84349120000000, 2.35183390000000),
(29905, '75', '75056', '75006', 'Paris', 'paris', 48.84885760000000, 2.33542230000000),
(29906, '75', '75056', '75007', 'Paris', 'paris', 48.85433450000001, 2.31340290000000),
(29907, '75', '75056', '75008', 'Paris', 'paris', 48.87187220000000, 2.31764320000000),
(29908, '75', '75056', '75009', 'Paris', 'paris', 48.87901830000000, 2.33790630000000),
(29909, '75', '75056', '75010', 'Paris', 'paris', 48.87856180000000, 2.36036890000000),
(29910, '75', '75056', '75011', 'Paris', 'paris', 48.85799300000001, 2.38115300000000),
(29911, '75', '75056', '75012', 'Paris', 'paris', 48.82936470000000, 2.42654060000000),
(29912, '75', '75056', '75013', 'Paris', 'paris', 48.83075900000000, 2.35920400000000),
(29913, '75', '75056', '75014', 'Paris', 'paris', 48.83144080000000, 2.32556840000000),
(29914, '75', '75056', '75015', 'Paris', 'paris', 48.84216160000000, 2.29276650000000),
(29915, '75', '75056', '75016', 'Paris', 'paris', 48.85309330000000, 2.24876260000000),
(29916, '75', '75056', '75017', 'Paris', 'paris', 48.89198600000000, 2.31928700000000),
(29917, '75', '75056', '75018', 'Paris', 'paris', 48.89130500000000, 2.35298670000000),
(29918, '75', '75056', '75019', 'Paris', 'paris', 48.89061359999999, 2.38670830000000),
(29919, '75', '75056', '75020', 'Paris', 'paris', 48.85998250000000, 2.40664120000000),
(29920, '75', '75056', '75116', 'Paris', 'paris', 48.85857990000000, 2.28470170000000),
(30639, '77', '77001', '77760', 'Achères-la-Forêt', 'acheres la foret', 48.35097184210527, 2.56216421052632),
(30640, '77', '77002', '77120', 'Amillis', 'amillis', 48.73402720930233, 3.14414775193798),
(30641, '77', '77003', '77760', 'Amponville', 'amponville', 48.29470631578948, 2.52667210526316),
(30642, '77', '77004', '77390', 'Andrezel', 'andrezel', 48.61203014925373, 2.80024119402985),
(30643, '77', '77005', '77410', 'Annet-sur-Marne', 'annet sur marne', 48.91934039603961, 2.70429782178218),
(30644, '77', '77006', '77630', 'Arbonne-la-Forêt', 'arbonne la foret', 48.41652615384616, 2.55906102564103),
(30645, '77', '77007', '77390', 'Argentières', 'argentieres', 48.65265836363637, 2.86949581818182),
(30646, '77', '77008', '77440', 'Armentières-en-Brie', 'armentieres en brie', 48.97688391891892, 3.00896783783784),
(30647, '77', '77009', '77890', 'Arville', 'arville', 48.18294340000002, 2.55589740000000),
(30648, '77', '77010', '77720', 'Aubepierre-Ozouer-le-Repos', 'aubepierre ozouer le repos', 48.61551587939697, 2.90417195979900),
(30649, '77', '77011', '77570', 'Aufferville', 'aufferville', 48.20259325581397, 2.60652069767442),
(30650, '77', '77012', '77560', 'Augers-en-Brie', 'augers en brie', 48.67020926315790, 3.34430010526316),
(30651, '77', '77013', '77120', 'Aulnoy', 'aulnoy', 48.85165771929822, 3.09306710526316),
(30652, '77', '77014', '77210', 'Avon', 'avon', 48.41224213114753, 2.73177213114754),
(30653, '77', '77015', '77480', 'Baby', 'baby', 48.39202868421053, 3.34216263157895),
(30654, '77', '77016', '77167', 'Bagneaux-sur-Loing', 'bagneaux sur loing', 48.21815702702703, 2.71048635135135),
(30655, '77', '77018', '77700', 'Bailly-Romainvilliers', 'bailly romainvilliers', 48.84410456790123, 2.81910222222222),
(30656, '77', '77019', '77118', 'Balloy', 'balloy', 48.40320999999999, 3.14853030303030),
(30657, '77', '77020', '77970', 'Bannost-Villegagnon', 'bannost villegagnon', 48.67643639097743, 3.19061992481203),
(30658, '77', '77021', '77130', 'Barbey', 'barbey', 48.36498735849057, 3.04890377358491),
(30659, '77', '77022', '77630', 'Barbizon', 'barbizon', 48.44965737704918, 2.59961049180328),
(30660, '77', '77023', '77910', 'Barcy', 'barcy', 49.01845220779221, 2.87660636363636),
(30661, '77', '77024', '77750', 'Bassevelle', 'bassevelle', 48.91632842105262, 3.26980094736842),
(30662, '77', '77025', '77118', 'Bazoches-lès-Bray', 'bazoches les bray', 48.40402566929136, 3.18857677165354),
(30663, '77', '77026', '77560', 'Beauchery-Saint-Martin', 'beauchery saint martin', 48.60149323232326, 3.42572010101010),
(30664, '77', '77027', '77890', 'Beaumont-du-Gâtinais', 'beaumont du gatinais', 48.13757531645571, 2.48104658227848),
(30665, '77', '77028', '77120', 'Beautheil', 'beautheil', 48.76272852272728, 3.08706750000000),
(30666, '77', '77029', '77390', 'Beauvoir', 'beauvoir', 48.64435458333332, 2.86219750000000),
(30667, '77', '77030', '77510', 'Bellot', 'bellot', 48.84587753731343, 3.32709373134328),
(30668, '77', '77031', '77540', 'Bernay-Vilbert', 'bernay vilbert', 48.67484158333332, 2.93365683333333),
(30669, '77', '77032', '77320', 'Beton-Bazoches', 'beton bazoches', 48.70170112068963, 3.24366500000000),
(30670, '77', '77033', '77970', 'Bezalles', 'bezalles', 48.66885732142856, 3.23904696428571),
(30671, '77', '77034', '77115', 'Blandy', 'blandy', 48.55740842975207, 2.78623826446281),
(30672, '77', '77035', '77940', 'Blennes', 'blennes', 48.23937377777780, 3.00829644444444),
(30673, '77', '77036', '77970', 'Boisdon', 'boisdon', 48.67696776315790, 3.22673184210526),
(30674, '77', '77037', '77590', 'Bois-le-Roi', 'bois le roi', 48.47917703703703, 2.70036555555556),
(30675, '77', '77038', '77350', 'Boissettes', 'boissettes', 48.52382437499999, 2.61236781250000),
(30676, '77', '77039', '77350', 'Boissise-la-Bertrand', 'boissise la bertrand', 48.53131529411765, 2.59617588235294),
(30677, '77', '77040', '77310', 'Boissise-le-Roi', 'boissise le roi', 48.51694936708863, 2.56637455696203),
(30678, '77', '77041', '77760', 'Boissy-aux-Cailles', 'boissy aux cailles', 48.30947375000001, 2.49704138888889),
(30679, '77', '77042', '77169', 'Boissy-le-Châtel', 'boissy le chatel', 48.82543117283950, 3.13413401234568),
(30680, '77', '77043', '77750', 'Boitron', 'boitron', 48.89541944444444, 3.25830388888889),
(30681, '77', '77044', '77720', 'Bombon', 'bombon', 48.56848774999998, 2.86653200000000),
(30682, '77', '77045', '77570', 'Bougligny', 'bougligny', 48.20099437499999, 2.66858812500000),
(30683, '77', '77046', '77760', 'Boulancourt', 'boulancourt', 48.25882916666667, 2.44545066666667),
(30684, '77', '77047', '77580', 'Bouleurs', 'bouleurs', 48.87992411111111, 2.90577422222222),
(30685, '77', '77048', '77780', 'Bourron-Marlotte', 'bourron marlotte', 48.33815098901099, 2.69968769230769),
(30686, '77', '77049', '77470', 'Boutigny', 'boutigny', 48.91236464912281, 2.93011385964912),
(30687, '77', '77050', '77620', 'Bransles', 'bransles', 48.15163834862386, 2.82782834862385),
(30688, '77', '77051', '77480', 'Bray-sur-Seine', 'bray sur seine', 48.41775166666665, 3.24446071428571),
(30689, '77', '77052', '77720', 'Bréau', 'breau', 48.55816931034483, 2.88288137931034),
(30690, '77', '77053', '77170', 'Brie-Comte-Robert', 'brie comte robert', 48.68841195266272, 2.61687952662722),
(30691, '77', '77054', '77940', 'La Brosse-Montceaux', 'la brosse montceaux', 48.33955200000001, 3.02434358333333),
(30692, '77', '77055', '77177', 'Brou-sur-Chantereine', 'brou sur chantereine', 48.88824428571430, 2.63539785714286),
(30693, '77', '77056', '77760', 'Burcy', 'burcy', 48.23127475000002, 2.52617450000000),
(30694, '77', '77057', '77750', 'Bussières', 'bussieres', 48.92695581818181, 3.23730163636364),
(30695, '77', '77058', '77600', 'Bussy-Saint-Georges', 'bussy saint georges', 48.83112895161288, 2.71641056451613),
(30696, '77', '77059', '77600', 'Bussy-Saint-Martin', 'bussy saint martin', 48.84487412698412, 2.67901396825397),
(30697, '77', '77060', '77760', 'Buthiers', 'buthiers', 48.28639867346940, 2.44582897959184),
(30698, '77', '77061', '77130', 'Cannes-Écluse', 'cannes ecluse', 48.36108173913044, 2.99403043478261),
(30699, '77', '77062', '77400', 'Carnetin', 'carnetin', 48.90404921568628, 2.70060529411765),
(30700, '77', '77063', '77515', 'La Celle-sur-Morin', 'la celle sur morin', 48.80477963414635, 2.97025304878049),
(30701, '77', '77065', '77930', 'Cély', 'cely', 48.45809773195877, 2.52475175257732),
(30702, '77', '77066', '77320', 'Cerneux', 'cerneux', 48.70673961538459, 3.34506451923077),
(30703, '77', '77067', '77240', 'Cesson', 'cesson', 48.56500516666667, 2.58960816666667),
(30704, '77', '77068', '77520', 'Cessoy-en-Montois', 'cessoy en montois', 48.50638457142857, 3.14413500000000),
(30705, '77', '77069', '77930', 'Chailly-en-Bière', 'chailly en biere', 48.47115570175440, 2.61785456140351),
(30706, '77', '77070', '77120', 'Chailly-en-Brie', 'chailly en brie', 48.79321561538458, 3.13609200000000),
(30707, '77', '77071', '77460', 'Chaintreaux', 'chaintreaux', 48.18958951724139, 2.81104648275862),
(30708, '77', '77072', '77171', 'Chalautre-la-Grande', 'chalautre la grande', 48.54831210526316, 3.44938589473684),
(30709, '77', '77073', '77160', 'Chalautre-la-Petite', 'chalautre la petite', 48.52590791208792, 3.30611978021978),
(30710, '77', '77075', '77144', 'Chalifert', 'chalifert', 48.89648092592592, 2.77260592592593),
(30711, '77', '77076', '77650', 'Chalmaison', 'chalmaison', 48.48784876404497, 3.25465853932584),
(30712, '77', '77077', '77910', 'Chambry', 'chambry', 48.99797743902437, 2.88632243902439),
(30713, '77', '77078', '77260', 'Chamigny', 'chamigny', 48.98617834437085, 3.13713827814569),
(30714, '77', '77079', '77430', 'Champagne-sur-Seine', 'champagne sur seine', 48.40728250000000, 2.80194357142857),
(30715, '77', '77080', '77560', 'Champcenest', 'champcenest', 48.66737488372094, 3.28208848837209),
(30716, '77', '77081', '77390', 'Champdeuil', 'champdeuil', 48.62236533333333, 2.73237600000000),
(30717, '77', '77082', '77720', 'Champeaux', 'champeaux', 48.58911399999999, 2.81778040000000),
(30718, '77', '77083', '77420', 'Champs-sur-Marne', 'champs sur marne', 48.84876163636365, 2.59262545454545),
(30719, '77', '77084', '77660', 'Changis-sur-Marne', 'changis sur marne', 48.96765982142858, 3.02696071428571),
(30720, '77', '77085', '77600', 'Chanteloup-en-Brie', 'chanteloup en brie', 48.85570875000001, 2.73911339285714),
(30721, '77', '77086', '77720', 'La Chapelle-Gauthier', 'la chapelle gauthier', 48.53337212290506, 2.85918553072626),
(30722, '77', '77087', '77540', 'La Chapelle-Iger', 'la chapelle iger', 48.65084886956521, 2.98584634782609),
(30723, '77', '77088', '77760', 'La Chapelle-la-Reine', 'la chapelle la reine', 48.31651569892472, 2.56940548387097),
(30724, '77', '77089', '77370', 'La Chapelle-Rablais', 'la chapelle rablais', 48.50701172413793, 2.95718413793104),
(30725, '77', '77090', '77160', 'La Chapelle-Saint-Sulpice', 'la chapelle saint sulpice', 48.55826919354838, 3.17858338709677),
(30726, '77', '77091', '77610', 'Les Chapelles-Bourbon', 'les chapelles bourbon', 48.74484637931034, 2.83786637931035),
(30727, '77', '77093', '77320', 'La Chapelle-Moutils', 'la chapelle moutils', 48.77232354037267, 3.37719658385093),
(30728, '77', '77094', '77410', 'Charmentray', 'charmentray', 48.95284747126436, 2.78324482758621),
(30729, '77', '77095', '77410', 'Charny', 'charny', 48.96811696202533, 2.75865493670886),
(30730, '77', '77096', '77590', 'Chartrettes', 'chartrettes', 48.49900300000001, 2.71309985714286),
(30731, '77', '77097', '77320', 'Chartronges', 'chartronges', 48.75040911764705, 3.26275617647059),
(30732, '77', '77098', '77370', 'Châteaubleau', 'chateaubleau', 48.58386317460318, 3.10632079365079),
(30733, '77', '77099', '77570', 'Château-Landon', 'chateau landon', 48.14737194690264, 2.69710442477876),
(30734, '77', '77100', '77820', 'Le Châtelet-en-Brie', 'le chatelet en brie', 48.50085227941177, 2.80371132352941),
(30735, '77', '77101', '77126', 'Châtenay-sur-Seine', 'chatenay sur seine', 48.41798128712866, 3.09829792079208),
(30736, '77', '77102', '77167', 'Châtenoy', 'chatenoy', 48.23319750000001, 2.63219660714286),
(30737, '77', '77103', '77820', 'Châtillon-la-Borde', 'chatillon la borde', 48.53754499999999, 2.81792656250000),
(30738, '77', '77104', '77610', 'Châtres', 'chatres', 48.70886442105260, 2.81372305263158),
(30739, '77', '77106', '77169', 'Chauffry', 'chauffry', 48.82238448979594, 3.17958193877551),
(30740, '77', '77107', '77390', 'Chaumes-en-Brie', 'chaumes en brie', 48.66644418750002, 2.84178981250000),
(30741, '77', '77108', '77500', 'Chelles', 'chelles', 48.88420598639454, 2.59006829931973),
(30742, '77', '77109', '77160', 'Chenoise', 'chenoise', 48.62407185185187, 3.19327259259259),
(30743, '77', '77110', '77570', 'Chenou', 'chenou', 48.16107156862745, 2.65231607843137),
(30744, '77', '77111', '77700', 'Chessy', 'chessy', 48.87084216666667, 2.77046716666667),
(30745, '77', '77112', '77760', 'Chevrainvilliers', 'chevrainvilliers', 48.24477020833334, 2.60896708333333),
(30746, '77', '77113', '77320', 'Chevru', 'chevru', 48.73846873949577, 3.18714394957983),
(30747, '77', '77114', '77173', 'Chevry-Cossigny', 'chevry cossigny', 48.72239648351650, 2.67365428571429),
(30748, '77', '77115', '77710', 'Chevry-en-Sereine', 'chevry en sereine', 48.24888562913906, 2.96322854304636),
(30749, '77', '77116', '77320', 'Choisy-en-Brie', 'choisy en brie', 48.76309663865548, 3.20208394957983),
(30750, '77', '77117', '77730', 'Citry', 'citry', 48.95788716666667, 3.24822466666667),
(30751, '77', '77118', '77410', 'Claye-Souilly', 'claye souilly', 48.94056559999999, 2.67686184000000),
(30752, '77', '77119', '77370', 'Clos-Fontaine', 'clos fontaine', 48.60387260869566, 3.01243739130435),
(30753, '77', '77120', '77440', 'Cocherel', 'cocherel', 49.01867000000000, 3.09339448979592),
(30754, '77', '77121', '77090', 'Collégien', 'collegien', 48.82777658536587, 2.67749414634146),
(30755, '77', '77122', '77380', 'Combs-la-Ville', 'combs la ville', 48.66286702702703, 2.57381495495496),
(30756, '77', '77123', '77290', 'Compans', 'compans', 48.98606545454545, 2.66183220779221),
(30757, '77', '77124', '77600', 'Conches-sur-Gondoire', 'conches sur gondoire', 48.85798545454546, 2.72153969696970),
(30758, '77', '77125', '77450', 'Condé-Sainte-Libiaire', 'conde sainte libiaire', 48.89850491525421, 2.83481661016949),
(30759, '77', '77126', '77440', 'Congis-sur-Thérouanne', 'congis sur therouanne', 49.01728294117647, 2.97718470588235),
(30760, '77', '77127', '77170', 'Coubert', 'coubert', 48.68099146067416, 2.71208348314607),
(30761, '77', '77128', '77860', 'Couilly-Pont-aux-Dames', 'couilly pont aux dames', 48.88321702380953, 2.86306488095238),
(30762, '77', '77129', '77840', 'Coulombs-en-Valois', 'coulombs en valois', 49.08156694300517, 3.12716564766839),
(30763, '77', '77130', '77580', 'Coulommes', 'coulommes', 48.89359852459016, 2.92558786885246),
(30764, '77', '77131', '77120', 'Coulommiers', 'coulommiers', 48.81560180451127, 3.09695060150376),
(30765, '77', '77132', '77700', 'Coupvray', 'coupvray', 48.89023433333332, 2.79237183333333),
(30766, '77', '77133', '77126', 'Courcelles-en-Bassée', 'courcelles en bassee', 48.41026553191491, 3.05020368794326),
(30767, '77', '77134', '77560', 'Courchamp', 'courchamp', 48.64381560439561, 3.28969714285714),
(30768, '77', '77135', '77540', 'Courpalay', 'courpalay', 48.64141223021583, 2.95880604316547),
(30769, '77', '77136', '77390', 'Courquetaine', 'courquetaine', 48.67928010989011, 2.74450164835165),
(30770, '77', '77137', '77560', 'Courtacon', 'courtacon', 48.70028330188678, 3.29205094339623),
(30771, '77', '77138', '77390', 'Courtomer', 'courtomer', 48.65891800000001, 2.89573644444444),
(30772, '77', '77139', '77181', 'Courtry', 'courtry', 48.91922243243242, 2.59945270270270),
(30773, '77', '77140', '77154', 'Coutençon', 'coutencon', 48.47410927272728, 2.99627763636364),
(30774, '77', '77141', '77580', 'Coutevroult', 'coutevroult', 48.85323324324323, 2.84832486486487),
(30775, '77', '77142', '77580', 'Crécy-la-Chapelle', 'crecy la chapelle', 48.85548583333332, 2.91993469696970),
(30776, '77', '77143', '77124', 'Crégy-lès-Meaux', 'cregy les meaux', 48.97593320754719, 2.87409622641509),
(30777, '77', '77144', '77610', 'Crèvecœur-en-Brie', 'crevecoeur en brie', 48.74903140625000, 2.90353921875000),
(30778, '77', '77145', '77390', 'Crisenoy', 'crisenoy', 48.60612761904764, 2.74483738095238),
(30779, '77', '77146', '77183', 'Croissy-Beaubourg', 'croissy beaubourg', 48.81297800000001, 2.64534244444444),
(30780, '77', '77147', '77370', 'La Croix-en-Brie', 'la croix en brie', 48.59506946308726, 3.06434046979866),
(30781, '77', '77148', '77840', 'Crouy-sur-Ourcq', 'crouy sur ourcq', 49.09005024390240, 3.08073795121951),
(30782, '77', '77149', '77160', 'Cucharmoy', 'cucharmoy', 48.58556599999999, 3.17764422222222),
(30783, '77', '77150', '77165', 'Cuisy', 'cuisy', 49.01891188679245, 2.77611867924528),
(30784, '77', '77151', '77320', 'Dagny', 'dagny', 48.71366000000000, 3.16504353658537),
(30785, '77', '77152', '77190', 'Dammarie-les-Lys', 'dammarie les lys', 48.51661191489362, 2.62008659574468),
(30786, '77', '77153', '77230', 'Dammartin-en-Goële', 'dammartin en goele', 49.05349525000001, 2.67758733333333),
(30787, '77', '77154', '77163', 'Dammartin-sur-Tigeaux', 'dammartin sur tigeaux', 48.81365176470590, 2.91654397058823),
(30788, '77', '77155', '77400', 'Dampmart', 'dampmart', 48.89428142857142, 2.74288653061224),
(30789, '77', '77156', '77140', 'Darvault', 'darvault', 48.27661032786884, 2.72365327868852),
(30790, '77', '77157', '77440', 'Dhuisy', 'dhuisy', 49.03502148936171, 3.16522595744681),
(30791, '77', '77158', '77940', 'Diant', 'diant', 48.29102431372549, 3.00184735294118),
(30792, '77', '77159', '77520', 'Donnemarie-Dontilly', 'donnemarie dontilly', 48.48020708955222, 3.11879216417911),
(30793, '77', '77161', '77130', 'Dormelles', 'dormelles', 48.31453531914896, 2.88516865248227),
(30794, '77', '77162', '77510', 'Doue', 'doue', 48.87647066666666, 3.16508360000000),
(30795, '77', '77163', '77139', 'Douy-la-Ramée', 'douy la ramee', 49.05926121951220, 2.88457227642276),
(30796, '77', '77164', '77830', 'Échouboulains', 'echouboulains', 48.46791300813006, 2.93019211382114),
(30797, '77', '77165', '77820', 'Les Écrennes', 'les ecrennes', 48.49862702127660, 2.87610234042553),
(30798, '77', '77167', '77126', 'Égligny', 'egligny', 48.43687673076925, 3.12897557692308),
(30799, '77', '77168', '77620', 'Égreville', 'egreville', 48.18774314814817, 2.88337879629630),
(30800, '77', '77169', '77184', 'Émerainville', 'emerainville', 48.81940481481482, 2.60728333333333),
(30801, '77', '77171', '77450', 'Esbly', 'esbly', 48.90163306451613, 2.81305661290322),
(30802, '77', '77172', '77940', 'Esmans', 'esmans', 48.34190316326533, 2.96783408163265),
(30803, '77', '77173', '77139', 'Étrépilly', 'etrepilly', 49.04694310344830, 2.92895862068966),
(30804, '77', '77174', '77157', 'Everly', 'everly', 48.45644267441860, 3.26809697674419),
(30805, '77', '77175', '77166', 'Évry-Grégy-sur-Yerre', 'evry gregy sur yerre', 48.65567279999999, 2.64520897142857),
(30806, '77', '77176', '77515', 'Faremoutiers', 'faremoutiers', 48.77916628571428, 3.00231257142857),
(30807, '77', '77177', '77220', 'Favières', 'favieres', 48.77847990909093, 2.76852436363636),
(30808, '77', '77178', '77167', 'Faÿ-lès-Nemours', 'fay les nemours', 48.22655300000000, 2.66099200000000),
(30809, '77', '77179', '77133', 'Féricy', 'fericy', 48.46323406779662, 2.80451949152542),
(30810, '77', '77180', '77150', 'Férolles-Attilly', 'ferolles attilly', 48.73671792792793, 2.63947549549550),
(30811, '77', '77181', '77164', 'Ferrières-en-Brie', 'ferrieres en brie', 48.81941611111109, 2.71014277777778),
(30812, '77', '77182', '77320', 'La Ferté-Gaucher', 'la ferte gaucher', 48.78955665048545, 3.30769359223301),
(30813, '77', '77183', '77260', 'La Ferté-sous-Jouarre', 'la ferte sous jouarre', 48.94984402234637, 3.13578446927374),
(30814, '77', '77184', '77940', 'Flagy', 'flagy', 48.30990306930690, 2.91883297029703),
(30815, '77', '77185', '77930', 'Fleury-en-Bière', 'fleury en biere', 48.44844631147541, 2.54258442622951),
(30816, '77', '77186', '77300', 'Fontainebleau', 'fontainebleau', 48.42044948905109, 2.69089734793188),
(30817, '77', '77187', '77480', 'Fontaine-Fourches', 'fontaine fourches', 48.41349693548390, 3.39914435483871),
(30818, '77', '77188', '77590', 'Fontaine-le-Port', 'fontaine le port', 48.47995638554217, 2.77336626506024),
(30819, '77', '77190', '77370', 'Fontains', 'fontains', 48.52446037037036, 3.00881785185185),
(30820, '77', '77191', '77370', 'Fontenailles', 'fontenailles', 48.52386836257307, 2.92366771929824),
(30821, '77', '77192', '77610', 'Fontenay-Trésigny', 'fontenay tresigny', 48.69937090322579, 2.86363283870968),
(30822, '77', '77193', '77165', 'Forfry', 'forfry', 49.05494492957745, 2.85908464788732),
(30823, '77', '77194', '77130', 'Forges', 'forges', 48.41925279999999, 2.94592400000000),
(30824, '77', '77195', '77390', 'Fouju', 'fouju', 48.58837369565217, 2.76587260869565),
(30825, '77', '77196', '77410', 'Fresnes-sur-Marne', 'fresnes sur marne', 48.94333982142859, 2.73686500000000),
(30826, '77', '77197', '77320', 'Frétoy', 'fretoy', 48.70402343283581, 3.19858641791045),
(30827, '77', '77198', '77760', 'Fromont', 'fromont', 48.25455361702127, 2.50494212765957),
(30828, '77', '77199', '77470', 'Fublaines', 'fublaines', 48.93737370786515, 2.94732325842697),
(30829, '77', '77200', '77890', 'Garentreville', 'garentreville', 48.23449181818181, 2.55604121212121),
(30830, '77', '77201', '77370', 'Gastins', 'gastins', 48.62658258064516, 3.02236475806452),
(30831, '77', '77202', '77690', 'La Genevraye', 'la genevraye', 48.31468241071429, 2.75702544642857),
(30832, '77', '77203', '77910', 'Germigny-l\'Évêque', 'germigny l eveque', 48.98824750000001, 2.95620890625000),
(30833, '77', '77204', '77840', 'Germigny-sous-Coulombs', 'germigny sous coulombs', 49.06190428571428, 3.15669657142857),
(30834, '77', '77205', '77165', 'Gesvres-le-Chapitre', 'gesvres le chapitre', 49.03256314814814, 2.84012055555556),
(30835, '77', '77206', '77120', 'Giremoutiers', 'giremoutiers', 48.85317090909090, 3.03066787878788),
(30836, '77', '77207', '77890', 'Gironville', 'gironville', 48.16719475409838, 2.53093836065574),
(30837, '77', '77208', '77114', 'Gouaix', 'gouaix', 48.47501109999999, 3.29736560000000),
(30838, '77', '77209', '77400', 'Gouvernes', 'gouvernes', 48.85801285714285, 2.68926500000000),
(30839, '77', '77210', '77130', 'La Grande-Paroisse', 'la grande paroisse', 48.39277567375888, 2.88901191489362),
(30840, '77', '77211', '77720', 'Grandpuits-Bailly-Carrois', 'grandpuits bailly carrois', 48.58123340277778, 2.97241791666667),
(30841, '77', '77212', '77118', 'Gravon', 'gravon', 48.39279102272728, 3.12492545454545),
(30842, '77', '77214', '77410', 'Gressy', 'gressy', 48.96693684931509, 2.66842863013699),
(30843, '77', '77215', '77220', 'Gretz-Armainvilliers', 'gretz armainvilliers', 48.74366000000002, 2.72918033707865),
(30844, '77', '77216', '77880', 'Grez-sur-Loing', 'grez sur loing', 48.30823591397849, 2.69073559139785),
(30845, '77', '77217', '77166', 'Grisy-Suisnes', 'grisy suisnes', 48.67814323741007, 2.67478402877698),
(30846, '77', '77218', '77480', 'Grisy-sur-Seine', 'grisy sur seine', 48.44083742857140, 3.31643380952381),
(30847, '77', '77219', '77580', 'Guérard', 'guerard', 48.81406878378379, 2.94734371621622),
(30848, '77', '77220', '77760', 'Guercheville', 'guercheville', 48.25839482758620, 2.55440758620690),
(30849, '77', '77221', '77600', 'Guermantes', 'guermantes', 48.85236235294117, 2.71469235294118),
(30850, '77', '77222', '77390', 'Guignes', 'guignes', 48.63679677083334, 2.80469447916667),
(30851, '77', '77223', '77520', 'Gurcy-le-Châtel', 'gurcy le chatel', 48.48637967032965, 3.08138032967033),
(30852, '77', '77224', '77515', 'Hautefeuille', 'hautefeuille', 48.76857770833335, 2.96591020833333),
(30853, '77', '77225', '77580', 'La Haute-Maison', 'la haute maison', 48.88342253164557, 3.00960898734177),
(30854, '77', '77226', '77850', 'Héricy', 'hericy', 48.44467837837838, 2.78484500000000),
(30855, '77', '77227', '77114', 'Hermé', 'herme', 48.48047090090090, 3.35343747747748),
(30856, '77', '77228', '77510', 'Hondevilliers', 'hondevilliers', 48.89940857142855, 3.31179500000000),
(30857, '77', '77229', '77610', 'La Houssaye-en-Brie', 'la houssaye en brie', 48.75475302521009, 2.86806781512605),
(30858, '77', '77230', '77890', 'Ichy', 'ichy', 48.20273137931035, 2.54208344827586),
(30859, '77', '77231', '77440', 'Isles-les-Meldeuses', 'isles les meldeuses', 48.99984230769231, 3.01250615384615),
(30860, '77', '77232', '77450', 'Isles-lès-Villenoy', 'isles les villenoy', 48.91199500000000, 2.83027454545454),
(30861, '77', '77233', '77165', 'Iverny', 'iverny', 48.99874358974358, 2.78887948717949),
(30862, '77', '77234', '77450', 'Jablines', 'jablines', 48.91586000000000, 2.75689438356164),
(30863, '77', '77235', '77440', 'Jaignes', 'jaignes', 48.98676499999998, 3.08389412280702),
(30864, '77', '77236', '77480', 'Jaulnes', 'jaulnes', 48.41863547486034, 3.28138541899442),
(30865, '77', '77237', '77600', 'Jossigny', 'jossigny', 48.83475720588237, 2.76140264705882),
(30866, '77', '77238', '77640', 'Jouarre', 'jouarre', 48.90890880813954, 3.12395938953488),
(30867, '77', '77239', '77970', 'Jouy-le-Châtel', 'jouy le chatel', 48.67449974999999, 3.15114183333333),
(30868, '77', '77240', '77320', 'Jouy-sur-Morin', 'jouy sur morin', 48.79673496000001, 3.27085496000000),
(30869, '77', '77241', '77230', 'Juilly', 'juilly', 49.02337547169812, 2.71309320754717),
(30870, '77', '77242', '77650', 'Jutigny', 'jutigny', 48.49291415384614, 3.22460784615385),
(30871, '77', '77243', '77400', 'Lagny-sur-Marne', 'lagny sur marne', 48.87299630769230, 2.71246384615385),
(30872, '77', '77244', '77760', 'Larchant', 'larchant', 48.29143010989011, 2.60567626373626),
(30873, '77', '77245', '77148', 'Laval-en-Brie', 'laval en brie', 48.45542426086956, 2.97236208695652),
(30874, '77', '77246', '77171', 'Léchelle', 'lechelle', 48.56821574468083, 3.38821702127660),
(30875, '77', '77247', '77320', 'Lescherolles', 'lescherolles', 48.76290194244604, 3.35520316546763),
(30876, '77', '77248', '77450', 'Lesches', 'lesches', 48.91428148148149, 2.79517370370370),
(30877, '77', '77249', '77150', 'Lésigny', 'lesigny', 48.74926924369748, 2.62192655462185),
(30878, '77', '77250', '77320', 'Leudon-en-Brie', 'leudon en brie', 48.73045430769230, 3.27009353846154),
(30879, '77', '77251', '77127', 'Lieusaint', 'lieusaint', 48.63014764705884, 2.55379682352941),
(30880, '77', '77252', '77550', 'Limoges-Fourches', 'limoges fourches', 48.62724213483144, 2.66928393258427),
(30881, '77', '77253', '77550', 'Lissy', 'lissy', 48.61822457142858, 2.70070257142857),
(30882, '77', '77254', '77220', 'Liverdy-en-Brie', 'liverdy en brie', 48.69654592592592, 2.77640407407407),
(30883, '77', '77255', '77000', 'Livry-sur-Seine', 'livry sur seine', 48.50691298245614, 2.69118543859649),
(30884, '77', '77256', '77650', 'Lizines', 'lizines', 48.52943840579710, 3.16523217391305),
(30885, '77', '77257', '77440', 'Lizy-sur-Ourcq', 'lizy sur ourcq', 49.03469581395348, 3.02108093023256),
(30886, '77', '77258', '77185', 'Lognes', 'lognes', 48.83369255813954, 2.63750372093023),
(30887, '77', '77259', '77230', 'Longperrier', 'longperrier', 49.05042717391303, 2.65727195652174),
(30888, '77', '77260', '77650', 'Longueville', 'longueville', 48.51575898876406, 3.23616629213483),
(30889, '77', '77261', '77710', 'Lorrez-le-Bocage-Préaux', 'lorrez le bocage preaux', 48.23725553030303, 2.89285522727273),
(30890, '77', '77262', '77560', 'Louan-Villegruis-Fontaine', 'louan villegruis fontaine', 48.62177280701754, 3.49884830409357),
(30891, '77', '77263', '77520', 'Luisetaines', 'luisetaines', 48.46226350649351, 3.19157077922078),
(30892, '77', '77264', '77540', 'Lumigny-Nesles-Ormeaux', 'lumigny nesles ormeaux', 48.71573222857146, 2.96252914285714),
(30893, '77', '77265', '77138', 'Luzancy', 'luzancy', 48.97381825396825, 3.17977539682540),
(30894, '77', '77266', '77133', 'Machault', 'machault', 48.45307858407079, 2.84541309734513),
(30895, '77', '77267', '77570', 'La Madeleine-sur-Loing', 'la madeleine sur loing', 48.20529039473686, 2.70163960526316),
(30896, '77', '77268', '77700', 'Magny-le-Hongre', 'magny le hongre', 48.86788612500002, 2.81958537500000),
(30897, '77', '77269', '77950', 'Maincy', 'maincy', 48.55420769230769, 2.70715128205128),
(30898, '77', '77270', '77580', 'Maisoncelles-en-Brie', 'maisoncelles en brie', 48.85696586206898, 3.00361741379310),
(30899, '77', '77271', '77570', 'Maisoncelles-en-Gâtinais', 'maisoncelles en gatinais', 48.18515488888890, 2.61783822222222),
(30900, '77', '77272', '77370', 'Maison-Rouge', 'maison rouge', 48.55434661016950, 3.15407449152542),
(30901, '77', '77273', '77230', 'Marchémoret', 'marchemoret', 49.05307426229508, 2.75217524590164),
(30902, '77', '77274', '77139', 'Marcilly', 'marcilly', 49.03732954545455, 2.88554118181818),
(30903, '77', '77275', '77560', 'Les Marêts', 'les marets', 48.67380366197184, 3.31872281690141),
(30904, '77', '77276', '77100', 'Mareuil-lès-Meaux', 'mareuil les meaux', 48.91889101449275, 2.87624985507246),
(30905, '77', '77277', '77610', 'Marles-en-Brie', 'marles en brie', 48.72693999999999, 2.87975406779661),
(30906, '77', '77278', '77120', 'Marolles-en-Brie', 'marolles en brie', 48.77578623188406, 3.16797956521739),
(30907, '77', '77279', '77130', 'Marolles-sur-Seine', 'marolles sur seine', 48.38555063829786, 3.02951900709220),
(30908, '77', '77280', '77440', 'Mary-sur-Marne', 'mary sur marne', 49.01541886363637, 3.03139704545455),
(30909, '77', '77281', '77120', 'Mauperthuis', 'mauperthuis', 48.76700071428570, 3.03613642857143),
(30910, '77', '77282', '77990', 'Mauregard', 'mauregard', 49.02653430107527, 2.56905247311828),
(30911, '77', '77283', '77145', 'May-en-Multien', 'may en multien', 49.06931030075188, 3.03301240601504),
(30912, '77', '77284', '77100', 'Meaux', 'meaux', 48.95765236363639, 2.89053336363636),
(30913, '77', '77285', '77350', 'Le Mée-sur-Seine', 'le mee sur seine', 48.54078936170213, 2.63065872340426),
(30914, '77', '77286', '77520', 'Meigneux', 'meigneux', 48.51331206521740, 3.09477108695652),
(30915, '77', '77287', '77320', 'Meilleray', 'meilleray', 48.79599839416057, 3.41914656934306),
(30916, '77', '77288', '77000', 'Melun', 'melun', 48.54081305882353, 2.65851670588235),
(30917, '77', '77289', '77171', 'Melz-sur-Seine', 'melz sur seine', 48.49094319327730, 3.40500159663866),
(30918, '77', '77290', '77730', 'Méry-sur-Marne', 'mery sur marne', 48.97499050847457, 3.20300728813559),
(30919, '77', '77291', '77990', 'Le Mesnil-Amelot', 'le mesnil amelot', 49.01701056074765, 2.59546046728972),
(30920, '77', '77292', '77410', 'Messy', 'messy', 48.96618917647059, 2.68945729411765),
(30921, '77', '77293', '77130', 'Misy-sur-Yonne', 'misy sur yonne', 48.36345746031746, 3.09524936507936),
(30922, '77', '77294', '77290', 'Mitry-Mory', 'mitry mory', 48.97789846938777, 2.61847877551020),
(30923, '77', '77295', '77950', 'Moisenay', 'moisenay', 48.56305129411765, 2.74284129411765),
(30924, '77', '77296', '77550', 'Moissy-Cramayel', 'moissy cramayel', 48.62431416666666, 2.59503819444444),
(30925, '77', '77297', '77570', 'Mondreville', 'mondreville', 48.14929910714285, 2.60455000000000),
(30926, '77', '77298', '77520', 'Mons-en-Montois', 'mons en montois', 48.49113021739128, 3.13941619565217),
(30927, '77', '77300', '77470', 'Montceaux-lès-Meaux', 'montceaux les meaux', 48.94585739726027, 2.99587123287671),
(30928, '77', '77301', '77151', 'Montceaux-lès-Provins', 'montceaux les provins', 48.69484369369371, 3.44472639639640),
(30929, '77', '77302', '77140', 'Montcourt-Fromonville', 'montcourt fromonville', 48.30169902777778, 2.70997694444444),
(30930, '77', '77303', '77320', 'Montdauphin', 'montdauphin', 48.85457675675676, 3.42352533783784),
(30931, '77', '77304', '77320', 'Montenils', 'montenils', 48.83108351351351, 3.47602621621622),
(30932, '77', '77305', '77130', 'Montereau-Fault-Yonne', 'montereau fault yonne', 48.38660657142858, 2.96337304761905),
(30933, '77', '77306', '77950', 'Montereau-sur-le-Jard', 'montereau sur le jard', 48.59992044776121, 2.67439358208955),
(30934, '77', '77307', '77144', 'Montévrain', 'montevrain', 48.86482014925374, 2.75248313432836),
(30935, '77', '77308', '77230', 'Montgé-en-Goële', 'montge en goele', 49.02663257425740, 2.73973702970297),
(30936, '77', '77309', '77122', 'Monthyon', 'monthyon', 49.01276643835615, 2.83213191780822),
(30937, '77', '77310', '77480', 'Montigny-le-Guesdier', 'montigny le guesdier', 48.38232328358210, 3.25355044776119),
(30938, '77', '77311', '77520', 'Montigny-Lencoup', 'montigny lencoup', 48.45362969696969, 3.06013909090909),
(30939, '77', '77312', '77690', 'Montigny-sur-Loing', 'montigny sur loing', 48.33982885714287, 2.75604157142857),
(30940, '77', '77313', '77940', 'Montmachoux', 'montmachoux', 48.31936742857143, 2.99252085714286),
(30941, '77', '77314', '77320', 'Montolivet', 'montolivet', 48.83061008849558, 3.43069769911504),
(30942, '77', '77315', '77450', 'Montry', 'montry', 48.88632954545456, 2.82739196969697),
(30943, '77', '77316', '77250', 'Moret-Loing-et-Orvanne', 'moret loing et orvanne', 48.35207140350877, 2.81640877192982),
(30944, '77', '77317', '77720', 'Mormant', 'mormant', 48.60163883720931, 2.87793573643411),
(30945, '77', '77318', '77163', 'Mortcerf', 'mortcerf', 48.78394176470587, 2.89764514705882),
(30946, '77', '77319', '77160', 'Mortery', 'mortery', 48.58968207547172, 3.25018113207547),
(30947, '77', '77320', '77120', 'Mouroux', 'mouroux', 48.82662645669291, 3.05247322834645),
(30948, '77', '77321', '77480', 'Mousseaux-lès-Bray', 'mousseaux les bray', 48.39978727272727, 3.23050424242424),
(30949, '77', '77322', '77230', 'Moussy-le-Neuf', 'moussy le neuf', 49.07098702127659, 2.61188670212766),
(30950, '77', '77323', '77230', 'Moussy-le-Vieux', 'moussy le vieux', 49.04788666666667, 2.62045986111111),
(30951, '77', '77325', '77480', 'Mouy-sur-Seine', 'mouy sur seine', 48.43253851562499, 3.24344523437500),
(30952, '77', '77326', '77176', 'Nandy', 'nandy', 48.58176098591551, 2.54876971830986),
(30953, '77', '77327', '77370', 'Nangis', 'nangis', 48.55192962499998, 3.01172675000000),
(30954, '77', '77328', '77760', 'Nanteau-sur-Essonne', 'nanteau sur essonne', 48.32001482142857, 2.41490598214286),
(30955, '77', '77329', '77710', 'Nanteau-sur-Lunain', 'nanteau sur lunain', 48.25538956043956, 2.82135846153846),
(30956, '77', '77330', '77100', 'Nanteuil-lès-Meaux', 'nanteuil les meaux', 48.93077806451614, 2.90140935483871),
(30957, '77', '77331', '77730', 'Nanteuil-sur-Marne', 'nanteuil sur marne', 48.97944674999998, 3.22220125000000),
(30958, '77', '77332', '77230', 'Nantouillet', 'nantouillet', 48.99788707692308, 2.70230015384615),
(30959, '77', '77333', '77140', 'Nemours', 'nemours', 48.25878336842107, 2.71123063157895),
(30960, '77', '77335', '77124', 'Chauconin-Neufmontiers', 'chauconin neufmontiers', 48.96940767857141, 2.83746750000000),
(30961, '77', '77336', '77610', 'Neufmoutiers-en-Brie', 'neufmoutiers en brie', 48.77387061946903, 2.82887601769911),
(30962, '77', '77337', '77186', 'Noisiel', 'noisiel', 48.84523557692308, 2.61769903846154),
(30963, '77', '77338', '77940', 'Noisy-Rudignon', 'noisy rudignon', 48.33505901639345, 2.93441508196721),
(30964, '77', '77339', '77123', 'Noisy-sur-École', 'noisy sur ecole', 48.37441489583333, 2.49830520833333),
(30965, '77', '77340', '77140', 'Nonville', 'nonville', 48.28839452054795, 2.78249561643836),
(30966, '77', '77341', '77114', 'Noyen-sur-Seine', 'noyen sur seine', 48.45316787878787, 3.34082460606061),
(30967, '77', '77342', '77890', 'Obsonville', 'obsonville', 48.21817722222222, 2.56778333333333),
(30968, '77', '77343', '77440', 'Ocquerre', 'ocquerre', 49.03606077922079, 3.05856292207792),
(30969, '77', '77344', '77178', 'Oissery', 'oissery', 49.06974125000001, 2.82135153846154),
(30970, '77', '77345', '77750', 'Orly-sur-Morin', 'orly sur morin', 48.90026242718447, 3.22873883495146),
(30971, '77', '77347', '77134', 'Les Ormes-sur-Voulzie', 'les ormes sur voulzie', 48.45689343511451, 3.22140427480916),
(30972, '77', '77348', '77167', 'Ormesson', 'ormesson', 48.24570545454545, 2.64871324675325),
(30973, '77', '77349', '77280', 'Othis', 'othis', 49.08508262711865, 2.64851449152542),
(30974, '77', '77350', '77330', 'Ozoir-la-Ferrière', 'ozoir la ferriere', 48.76302306122450, 2.66824877551020),
(30975, '77', '77352', '77390', 'Ozouer-le-Voulgis', 'ozouer le voulgis', 48.66184193277312, 2.77302016806723),
(30976, '77', '77353', '77710', 'Paley', 'paley', 48.24011242424240, 2.85474555555556),
(30977, '77', '77354', '77830', 'Pamfou', 'pamfou', 48.46623051020408, 2.85639010204082),
(30978, '77', '77355', '77520', 'Paroy', 'paroy', 48.47687504424778, 3.19903849557522),
(30979, '77', '77356', '77480', 'Passy-sur-Seine', 'passy sur seine', 48.42730275862068, 3.34098413793103),
(30980, '77', '77357', '77970', 'Pécy', 'pecy', 48.64896373983741, 3.05543016260163),
(30981, '77', '77358', '77124', 'Penchard', 'penchard', 48.99291500000000, 2.86099037037037),
(30982, '77', '77359', '77930', 'Perthes', 'perthes', 48.47972068493152, 2.54941027397260),
(30983, '77', '77360', '77131', 'Pézarches', 'pezarches', 48.74346142857142, 2.98886928571429),
(30984, '77', '77361', '77580', 'Pierre-Levée', 'pierre levee', 48.89692227722771, 3.04120940594059),
(30985, '77', '77363', '77181', 'Le Pin', 'le pin', 48.91663388888891, 2.63279111111111),
(30986, '77', '77364', '77165', 'Le Plessis-aux-Bois', 'le plessis aux bois', 49.00374649350648, 2.76676090909091),
(30987, '77', '77365', '77540', 'Le Plessis-Feu-Aussoux', 'le plessis feu aussoux', 48.71556101449276, 3.04058072463768),
(30988, '77', '77366', '77165', 'Le Plessis-l\'Évêque', 'le plessis l eveque', 49.00670140350879, 2.79298964912281),
(30989, '77', '77367', '77440', 'Le Plessis-Placy', 'le plessis placy', 49.05136989583335, 2.98205781250000),
(30990, '77', '77368', '77160', 'Poigny', 'poigny', 48.54426355555556, 3.27866622222222),
(30991, '77', '77369', '77470', 'Poincy', 'poincy', 48.97465125000002, 2.92332625000000),
(30992, '77', '77370', '77167', 'Poligny', 'poligny', 48.23678394230767, 2.75187807692308),
(30993, '77', '77371', '77515', 'Pommeuse', 'pommeuse', 48.81541475000002, 3.00862475000000),
(30994, '77', '77372', '77400', 'Pomponne', 'pomponne', 48.88818958333334, 2.67416194444444),
(30995, '77', '77373', '77340', 'Pontault-Combault', 'pontault combault', 48.78543271317830, 2.61469480620155),
(30996, '77', '77374', '77135', 'Pontcarré', 'pontcarre', 48.79767619047619, 2.70413785714286),
(30997, '77', '77376', '77410', 'Précy-sur-Marne', 'precy sur marne', 48.93287107142857, 2.76913267857143),
(30998, '77', '77377', '77220', 'Presles-en-Brie', 'presles en brie', 48.71161104347825, 2.74386252173913),
(30999, '77', '77378', '77310', 'Pringy', 'pringy', 48.51786230769229, 2.55010230769231),
(31000, '77', '77379', '77160', 'Provins', 'provins', 48.56361138686132, 3.29356737226277),
(31001, '77', '77380', '77139', 'Puisieux', 'puisieux', 49.06264706766918, 2.91456000000000),
(31002, '77', '77381', '77720', 'Quiers', 'quiers', 48.61342789473686, 2.95875622807018),
(31003, '77', '77382', '77860', 'Quincy-Voisins', 'quincy voisins', 48.89690111111113, 2.87900212121212),
(31004, '77', '77383', '77370', 'Rampillon', 'rampillon', 48.53857055555554, 3.07163703703704),
(31005, '77', '77384', '77550', 'Réau', 'reau', 48.61166313953486, 2.62540406976744),
(31006, '77', '77385', '77510', 'Rebais', 'rebais', 48.85369614173226, 3.23411787401575),
(31007, '77', '77386', '77760', 'Recloses', 'recloses', 48.33994071428570, 2.64693242857143),
(31008, '77', '77387', '77710', 'Remauville', 'remauville', 48.22171921875002, 2.82900390625000),
(31009, '77', '77388', '77260', 'Reuil-en-Brie', 'reuil en brie', 48.95382636363636, 3.16458420454546),
(31010, '77', '77389', '77000', 'La Rochette', 'la rochette', 48.50441895522387, 2.66265791044776),
(31011, '77', '77390', '77680', 'Roissy-en-Brie', 'roissy en brie', 48.78960849462364, 2.65045354838710),
(31012, '77', '77391', '77160', 'Rouilly', 'rouilly', 48.58850424999999, 3.29147862500000),
(31013, '77', '77392', '77230', 'Rouvres', 'rouvres', 49.06591301587302, 2.72010873015873),
(31014, '77', '77393', '77540', 'Rozay-en-Brie', 'rozay en brie', 48.68328249999999, 2.96113861111111),
(31015, '77', '77394', '77950', 'Rubelles', 'rubelles', 48.56662781818181, 2.68061545454545),
(31016, '77', '77395', '77760', 'Rumont', 'rumont', 48.27023999999998, 2.49382088235294),
(31017, '77', '77396', '77560', 'Rupéreux', 'rupereux', 48.64218543859648, 3.32726122807018),
(31018, '77', '77397', '77730', 'Saâcy-sur-Marne', 'saacy sur marne', 48.95413555555555, 3.21150987654321),
(31019, '77', '77398', '77510', 'Sablonnières', 'sablonnieres', 48.88037097902097, 3.29342538461538),
(31020, '77', '77399', '77710', 'Saint-Ange-le-Viel', 'saint ange le viel', 48.27331482142857, 2.90328035714286),
(31021, '77', '77400', '77515', 'Saint-Augustin', 'saint augustin', 48.79090260273971, 3.02824465753425),
(31022, '77', '77401', '77260', 'Sainte-Aulde', 'sainte aulde', 49.00213874999999, 3.17591785714286),
(31023, '77', '77402', '77320', 'Saint-Barthélemy', 'saint barthelemy', 48.82004495049504, 3.36273079207921),
(31024, '77', '77403', '77160', 'Saint-Brice', 'saint brice', 48.56421834862384, 3.33136605504587),
(31025, '77', '77404', '77650', 'Sainte-Colombe', 'sainte colombe', 48.53472197802199, 3.25798758241758),
(31026, '77', '77405', '77750', 'Saint-Cyr-sur-Morin', 'saint cyr sur morin', 48.91191952095807, 3.17094532934132),
(31027, '77', '77406', '77510', 'Saint-Denis-lès-Rebais', 'saint denis les rebais', 48.84272274193548, 3.20003524193548),
(31028, '77', '77407', '77310', 'Saint-Fargeau-Ponthierry', 'saint fargeau ponthierry', 48.53614183823530, 2.52215125000000),
(31029, '77', '77408', '77470', 'Saint-Fiacre', 'saint fiacre', 48.92462999999999, 2.95106838709677),
(31030, '77', '77409', '77130', 'Saint-Germain-Laval', 'saint germain laval', 48.40990827160493, 3.00270604938272),
(31031, '77', '77410', '77950', 'Saint-Germain-Laxis', 'saint germain laxis', 48.58886080000002, 2.70576653333333),
(31032, '77', '77411', '77169', 'Saint-Germain-sous-Doue', 'saint germain sous doue', 48.85305585185185, 3.13032725925926),
(31033, '77', '77412', '77930', 'Saint-Germain-sur-École', 'saint germain sur ecole', 48.47233916666668, 2.51171145833333),
(31034, '77', '77413', '77860', 'Saint-Germain-sur-Morin', 'saint germain sur morin', 48.87678797979797, 2.83780000000000),
(31035, '77', '77414', '77160', 'Saint-Hilliers', 'saint hilliers', 48.63479709677420, 3.26098505376344),
(31036, '77', '77415', '77660', 'Saint-Jean-les-Deux-Jumeaux', 'saint jean les deux jumeaux', 48.94268999999998, 3.02330681818182),
(31037, '77', '77416', '77370', 'Saint-Just-en-Brie', 'saint just en brie', 48.60284309523810, 3.12688047619048),
(31038, '77', '77417', '77510', 'Saint-Léger', 'saint leger', 48.84249975903614, 3.26759795180723),
(31039, '77', '77418', '77650', 'Saint-Loup-de-Naud', 'saint loup de naud', 48.53607489795917, 3.22131122448979),
(31040, '77', '77419', '77670', 'Saint-Mammès', 'saint mammes', 48.38557781250000, 2.82325906250000),
(31041, '77', '77420', '77230', 'Saint-Mard', 'saint mard', 49.04144516666666, 2.69973233333333),
(31042, '77', '77421', '77320', 'Saint-Mars-Vieux-Maisons', 'saint mars vieux maisons', 48.73907379629629, 3.31857138888889),
(31043, '77', '77423', '77320', 'Saint-Martin-des-Champs', 'saint martin des champs', 48.78368609271525, 3.32688483443709),
(31044, '77', '77424', '77320', 'Saint-Martin-du-Boschet', 'saint martin du boschet', 48.73745278350513, 3.42615773195876),
(31045, '77', '77425', '77630', 'Saint-Martin-en-Bière', 'saint martin en biere', 48.43716032258065, 2.57024258064516),
(31046, '77', '77426', '77720', 'Saint-Méry', 'saint mery', 48.56929257575757, 2.83740439393939),
(31047, '77', '77427', '77410', 'Saint-Mesmes', 'saint mesmes', 48.98614929292931, 2.69983373737374),
(31048, '77', '77428', '77720', 'Saint-Ouen-en-Brie', 'saint ouen en brie', 48.56577438356165, 2.92246013698630),
(31049, '77', '77429', '77750', 'Saint-Ouen-sur-Morin', 'saint ouen sur morin', 48.90422374999999, 3.20432925000000),
(31050, '77', '77430', '77178', 'Saint-Pathus', 'saint pathus', 49.07425738461537, 2.78460138461539),
(31051, '77', '77431', '77140', 'Saint-Pierre-lès-Nemours', 'saint pierre les nemours', 48.26037214765100, 2.66557275167785),
(31052, '77', '77432', '77320', 'Saint-Rémy-la-Vanne', 'saint remy la vanne', 48.81194893939392, 3.24180946969697),
(31053, '77', '77433', '77120', 'Saints', 'saints', 48.75758914893618, 3.06125737588653),
(31054, '77', '77434', '77480', 'Saint-Sauveur-lès-Bray', 'saint sauveur les bray', 48.43768992753624, 3.20505739130435),
(31055, '77', '77435', '77930', 'Saint-Sauveur-sur-École', 'saint sauveur sur ecole', 48.50185711864406, 2.53328084745763),
(31056, '77', '77436', '77169', 'Saint-Siméon', 'saint simeon', 48.81123081481483, 3.19884614814815),
(31057, '77', '77437', '77165', 'Saint-Soupplets', 'saint soupplets', 49.03594840000002, 2.80130440000000),
(31058, '77', '77438', '77400', 'Saint-Thibault-des-Vignes', 'saint thibault des vignes', 48.86190357142859, 2.67765714285714),
(31059, '77', '77439', '77148', 'Salins', 'salins', 48.42150527027027, 3.02773608108108),
(31060, '77', '77440', '77260', 'Sammeron', 'sammeron', 48.93833224999999, 3.07797725000000),
(31061, '77', '77441', '77920', 'Samois-sur-Seine', 'samois sur seine', 48.45349553191490, 2.75045648936170),
(31062, '77', '77442', '77210', 'Samoreau', 'samoreau', 48.42064177419355, 2.77846758064516),
(31063, '77', '77443', '77580', 'Sancy', 'sancy', 48.88383684210525, 2.96107736842105),
(31064, '77', '77444', '77320', 'Sancy-lès-Provins', 'sancy les provins', 48.71036659793813, 3.39408628865979),
(31065, '77', '77445', '77176', 'Savigny-le-Temple', 'savigny le temple', 48.58078728260871, 2.57281978260870),
(31066, '77', '77446', '77650', 'Savins', 'savins', 48.50850239130434, 3.20766076086956),
(31067, '77', '77447', '77240', 'Seine-Port', 'seine port', 48.55464239130437, 2.55574434782609),
(31068, '77', '77448', '77260', 'Sept-Sorts', 'sept sorts', 48.93935190476191, 3.10665952380952),
(31069, '77', '77449', '77700', 'Serris', 'serris', 48.84639160714284, 2.78746696428572),
(31070, '77', '77450', '77170', 'Servon', 'servon', 48.71573539325845, 2.59109797752809),
(31071, '77', '77451', '77640', 'Signy-Signets', 'signy signets', 48.91599864406779, 3.06418830508475),
(31072, '77', '77452', '77520', 'Sigy', 'sigy', 48.47464126582277, 3.16822000000000),
(31073, '77', '77453', '77115', 'Sivry-Courtry', 'sivry courtry', 48.53363020270267, 2.76203527027027),
(31074, '77', '77454', '77520', 'Sognolles-en-Montois', 'sognolles en montois', 48.51845694444447, 3.15173037037037),
(31075, '77', '77455', '77111', 'Soignolles-en-Brie', 'soignolles en brie', 48.64623486111114, 2.70774333333333),
(31076, '77', '77456', '77650', 'Soisy-Bouy', 'soisy bouy', 48.51081296703295, 3.29849076923077),
(31077, '77', '77457', '77111', 'Solers', 'solers', 48.65724648648650, 2.72558747747748),
(31078, '77', '77458', '77460', 'Souppes-sur-Loing', 'souppes sur loing', 48.18540085470085, 2.74410709401709),
(31079, '77', '77459', '77171', 'Sourdun', 'sourdun', 48.54376486486486, 3.35324882882883),
(31080, '77', '77460', '77440', 'Tancrou', 'tancrou', 49.00471385416665, 3.07862177083333),
(31081, '77', '77461', '77520', 'Thénisy', 'thenisy', 48.48964163265304, 3.17843867346939),
(31082, '77', '77462', '77230', 'Thieux', 'thieux', 49.00079873563218, 2.67002413793103),
(31083, '77', '77463', '77810', 'Thomery', 'thomery', 48.40541735849057, 2.77662188679245),
(31084, '77', '77464', '77400', 'Thorigny-sur-Marne', 'thorigny sur marne', 48.89471731343284, 2.71173417910448),
(31085, '77', '77465', '77940', 'Thoury-Férottes', 'thoury ferottes', 48.30327969696972, 2.94043704545455),
(31086, '77', '77466', '77163', 'Tigeaux', 'tigeaux', 48.82746180555555, 2.89912236111111),
(31087, '77', '77467', '77130', 'La Tombe', 'la tombe', 48.38823170731708, 3.09074853658537),
(31088, '77', '77468', '77200', 'Torcy', 'torcy', 48.84904906666665, 2.65315133333333),
(31089, '77', '77469', '77131', 'Touquin', 'touquin', 48.72914836363636, 3.02973554545455),
(31090, '77', '77470', '77220', 'Tournan-en-Brie', 'tournan en brie', 48.74253229357797, 2.77325917431193),
(31091, '77', '77471', '77123', 'Tousson', 'tousson', 48.34596559523811, 2.45691035714286),
(31092, '77', '77472', '77510', 'La Trétoire', 'la tretoire', 48.88200686567165, 3.24758649253731),
(31093, '77', '77473', '77710', 'Treuzy-Levelay', 'treuzy levelay', 48.27316242187501, 2.79734609375000),
(31094, '77', '77474', '77450', 'Trilbardou', 'trilbardou', 48.94706210526314, 2.79553539473684),
(31095, '77', '77475', '77470', 'Trilport', 'trilport', 48.95054513888889, 2.96530930555556),
(31096, '77', '77476', '77440', 'Trocy-en-Multien', 'trocy en multien', 49.04046415730337, 2.96506426966292),
(31097, '77', '77477', '77760', 'Ury', 'ury', 48.34303661290321, 2.59842370967742),
(31098, '77', '77478', '77260', 'Ussy-sur-Marne', 'ussy sur marne', 48.96906436974791, 3.08544117647059),
(31099, '77', '77479', '77360', 'Vaires-sur-Marne', 'vaires sur marne', 48.86927622950817, 2.63094967213115),
(31100, '77', '77480', '77830', 'Valence-en-Brie', 'valence en brie', 48.44680156862744, 2.89195676470588),
(31101, '77', '77481', '77370', 'Vanvillé', 'vanville', 48.55600955223880, 3.10997552238806),
(31102, '77', '77482', '77130', 'Varennes-sur-Seine', 'varennes sur seine', 48.37014195402298, 2.93841321839081),
(31103, '77', '77483', '77910', 'Varreddes', 'varreddes', 49.00494339622644, 2.92773622641509),
(31104, '77', '77484', '77580', 'Vaucourtois', 'vaucourtois', 48.89876574468083, 2.95480361702128),
(31105, '77', '77485', '77123', 'Le Vaudoué', 'le vaudoue', 48.34462580246914, 2.52085592592593),
(31106, '77', '77486', '77141', 'Vaudoy-en-Brie', 'vaudoy en brie', 48.69848984615385, 3.07974661538461),
(31107, '77', '77487', '77000', 'Vaux-le-Pénil', 'vaux le penil', 48.51978528846156, 2.70130596153846),
(31108, '77', '77489', '77710', 'Vaux-sur-Lunain', 'vaux sur lunain', 48.21621364341086, 2.95883085271318),
(31109, '77', '77490', '77440', 'Vendrest', 'vendrest', 49.04124763636366, 3.11005354545454),
(31110, '77', '77492', '77510', 'Verdelot', 'verdelot', 48.88077619469025, 3.36847517699115),
(31111, '77', '77493', '77390', 'Verneuil-l\'Étang', 'verneuil l etang', 48.63685435897438, 2.82234897435897),
(31112, '77', '77494', '77670', 'Vernou-la-Celle-sur-Seine', 'vernou la celle sur seine', 48.40303247706424, 2.86269550458716),
(31113, '77', '77495', '77240', 'Vert-Saint-Denis', 'vert saint denis', 48.56568892473117, 2.62781440860215),
(31114, '77', '77496', '77370', 'Vieux-Champagne', 'vieux champagne', 48.58688864197532, 3.13575432098765),
(31115, '77', '77498', '77450', 'Vignely', 'vignely', 48.93266793103449, 2.81321172413793);
INSERT INTO `cities` (`id`, `department_code`, `insee_code`, `zip_code`, `name`, `slug`, `gps_lat`, `gps_lng`) VALUES
(31116, '77', '77500', '77710', 'Villebéon', 'villebeon', 48.20491349514560, 2.92770757281553),
(31117, '77', '77501', '77250', 'Villecerf', 'villecerf', 48.32730294117648, 2.85564784313726),
(31118, '77', '77504', '77710', 'Villemaréchal', 'villemarechal', 48.27168523437498, 2.86643273437500),
(31119, '77', '77505', '77470', 'Villemareuil', 'villemareuil', 48.92431806451614, 2.97668209677419),
(31120, '77', '77506', '77250', 'Villemer', 'villemer', 48.30510986577181, 2.81272543624161),
(31121, '77', '77507', '77480', 'Villenauxe-la-Petite', 'villenauxe la petite', 48.39860033112581, 3.30737728476821),
(31122, '77', '77508', '77174', 'Villeneuve-le-Comte', 'villeneuve le comte', 48.81450833333334, 2.82881523809524),
(31123, '77', '77509', '77154', 'Villeneuve-les-Bordes', 'villeneuve les bordes', 48.50216427184466, 3.03065271844660),
(31124, '77', '77510', '77174', 'Villeneuve-Saint-Denis', 'villeneuve saint denis', 48.81289560606060, 2.79745863636364),
(31125, '77', '77511', '77230', 'Villeneuve-sous-Dammartin', 'villeneuve sous dammartin', 49.02833507692308, 2.63111123076923),
(31126, '77', '77512', '77510', 'Villeneuve-sur-Bellot', 'villeneuve sur bellot', 48.87527761538463, 3.33212007692308),
(31127, '77', '77513', '77124', 'Villenoy', 'villenoy', 48.94683162790697, 2.85560534883721),
(31128, '77', '77514', '77270', 'Villeparisis', 'villeparisis', 48.93713088235296, 2.61954970588235),
(31129, '77', '77515', '77410', 'Villeroy', 'villeroy', 48.98763310344827, 2.77414706896552),
(31130, '77', '77516', '77130', 'Ville-Saint-Jacques', 'ville saint jacques', 48.34472529411764, 2.89986264705882),
(31131, '77', '77517', '77410', 'Villevaudé', 'villevaude', 48.91419776859507, 2.66206867768595),
(31132, '77', '77518', '77190', 'Villiers-en-Bière', 'villiers en biere', 48.49197310344827, 2.59759586206897),
(31133, '77', '77519', '77560', 'Villiers-Saint-Georges', 'villiers saint georges', 48.65151710526315, 3.41670223684210),
(31134, '77', '77520', '77760', 'Villiers-sous-Grez', 'villiers sous grez', 48.31558218181819, 2.63161618181818),
(31135, '77', '77521', '77580', 'Villiers-sur-Morin', 'villiers sur morin', 48.85271967741937, 2.87026559139785),
(31136, '77', '77522', '77114', 'Villiers-sur-Seine', 'villiers sur seine', 48.45929304568529, 3.38317233502538),
(31137, '77', '77523', '77480', 'Villuis', 'villuis', 48.39795632653061, 3.35798244897959),
(31138, '77', '77524', '77520', 'Vimpelles', 'vimpelles', 48.43941444444442, 3.16866673611111),
(31139, '77', '77525', '77230', 'Vinantes', 'vinantes', 49.00330250000001, 2.74192541666667),
(31140, '77', '77526', '77139', 'Vincy-Manœuvre', 'vincy manoeuvre', 49.07763530120484, 2.95484626506024),
(31141, '77', '77527', '77540', 'Voinsles', 'voinsles', 48.68329425925927, 3.01437268518519),
(31142, '77', '77528', '77950', 'Voisenon', 'voisenon', 48.56952441860464, 2.66272604651163),
(31143, '77', '77529', '77580', 'Voulangis', 'voulangis', 48.84410512820516, 2.89541589743590),
(31144, '77', '77530', '77560', 'Voulton', 'voulton', 48.61657290909090, 3.33344927272727),
(31145, '77', '77531', '77940', 'Voulx', 'voulx', 48.28310504000001, 2.97139592000000),
(31146, '77', '77532', '77160', 'Vulaines-lès-Provins', 'vulaines les provins', 48.56029728260872, 3.21555836956522),
(31147, '77', '77533', '77870', 'Vulaines-sur-Seine', 'vulaines sur seine', 48.42947446153847, 2.77787907692308),
(31148, '77', '77534', '77390', 'Yèbles', 'yebles', 48.63949653846155, 2.76778192307692),
(31149, '78', '78003', '78660', 'Ablis', 'ablis', 48.53102966386555, 1.84591924369748),
(31150, '78', '78005', '78260', 'Achères', 'acheres', 48.97537833333333, 2.10607558823529),
(31151, '78', '78006', '78113', 'Adainville', 'adainville', 48.72317568181816, 1.66216920454545),
(31152, '78', '78007', '78240', 'Aigremont', 'aigremont', 48.90039698113208, 2.01630169811321),
(31153, '78', '78009', '78660', 'Allainville', 'allainville', 48.46851605769229, 1.90539721153846),
(31154, '78', '78010', '78580', 'Les Alluets-le-Roi', 'les alluets le roi', 48.91438612244900, 1.91531224489796),
(31155, '78', '78013', '78770', 'Andelu', 'andelu', 48.88548281250000, 1.81555937500000),
(31156, '78', '78015', '78570', 'Andrésy', 'andresy', 48.98097977777778, 2.05125222222222),
(31157, '78', '78020', '78790', 'Arnouville-lès-Mantes', 'arnouville les mantes', 48.90962357894735, 1.72124610526316),
(31158, '78', '78029', '78410', 'Aubergenville', 'aubergenville', 48.96151640350877, 1.84637719298246),
(31159, '78', '78030', '78610', 'Auffargis', 'auffargis', 48.68418320388351, 1.90534631067961),
(31160, '78', '78031', '78930', 'Auffreville-Brasseuil', 'auffreville brasseuil', 48.95593285714286, 1.70753071428571),
(31161, '78', '78033', '78126', 'Aulnay-sur-Mauldre', 'aulnay sur mauldre', 48.93021265625000, 1.84104421875000),
(31162, '78', '78034', '78770', 'Auteuil', 'auteuil', 48.84443754716982, 1.81982396226415),
(31163, '78', '78036', '78770', 'Autouillet', 'autouillet', 48.84625687499999, 1.79723000000000),
(31164, '78', '78043', '78870', 'Bailly', 'bailly', 48.83534967741934, 2.07632854838710),
(31165, '78', '78048', '78550', 'Bazainville', 'bazainville', 48.80939741666666, 1.66454975000000),
(31166, '78', '78049', '78580', 'Bazemont', 'bazemont', 48.92963633802816, 1.87371563380282),
(31167, '78', '78050', '78490', 'Bazoches-sur-Guyonne', 'bazoches sur guyonne', 48.77511739726027, 1.85570616438356),
(31168, '78', '78053', '78910', 'Béhoust', 'behoust', 48.83236173913043, 1.72257347826087),
(31169, '78', '78057', '78270', 'Bennecourt', 'bennecourt', 49.04572369863013, 1.56485452054794),
(31170, '78', '78062', '78650', 'Beynes', 'beynes', 48.85749779527562, 1.87285645669291),
(31171, '78', '78068', '78270', 'Blaru', 'blaru', 49.04323774193549, 1.48095408602151),
(31172, '78', '78070', '78930', 'Boinville-en-Mantois', 'boinville en mantois', 48.93064932432433, 1.75341540540541),
(31173, '78', '78071', '78660', 'Boinville-le-Gaillard', 'boinville le gaillard', 48.49358450980393, 1.87839588235294),
(31174, '78', '78072', '78200', 'Boinvilliers', 'boinvilliers', 48.91972203389830, 1.66379220338983),
(31175, '78', '78073', '78390', 'Bois-d\'Arcy', 'bois d arcy', 48.80682482758619, 2.02647379310345),
(31176, '78', '78076', '78910', 'Boissets', 'boissets', 48.85886638297873, 1.58791531914894),
(31177, '78', '78077', '78125', 'La Boissière-École', 'la boissiere ecole', 48.68812737704917, 1.65827286885246),
(31178, '78', '78082', '78200', 'Boissy-Mauvoisin', 'boissy mauvoisin', 48.96842290322580, 1.58782822580645),
(31179, '78', '78084', '78490', 'Boissy-sans-Avoir', 'boissy sans avoir', 48.81807161290321, 1.79756758064516),
(31180, '78', '78087', '78830', 'Bonnelles', 'bonnelles', 48.62017165217392, 2.03204226086956),
(31181, '78', '78089', '78270', 'Bonnières-sur-Seine', 'bonnieres sur seine', 49.01592028301886, 1.56812405660377),
(31182, '78', '78090', '78410', 'Bouafle', 'bouafle', 48.96212012195122, 1.89981329268293),
(31183, '78', '78092', '78380', 'Bougival', 'bougival', 48.86360732394365, 2.13832873239437),
(31184, '78', '78096', '78113', 'Bourdonné', 'bourdonne', 48.75542212962964, 1.64634342592593),
(31185, '78', '78104', '78930', 'Breuil-Bois-Robert', 'breuil bois robert', 48.94643243589746, 1.71439025641026),
(31186, '78', '78107', '78980', 'Bréval', 'breval', 48.95612835051545, 1.54568000000000),
(31187, '78', '78108', '78610', 'Les Bréviaires', 'les breviaires', 48.72532218390804, 1.82282367816092),
(31188, '78', '78113', '78440', 'Brueil-en-Vexin', 'brueil en vexin', 49.02668485294119, 1.81313294117647),
(31189, '78', '78117', '78530', 'Buc', 'buc', 48.77262500000002, 2.12520964285714),
(31190, '78', '78118', '78200', 'Buchelay', 'buchelay', 48.98204907407407, 1.67768870370370),
(31191, '78', '78120', '78830', 'Bullion', 'bullion', 48.61925054054056, 1.98109797297297),
(31192, '78', '78123', '78955', 'Carrières-sous-Poissy', 'carrieres sous poissy', 48.94895534883721, 2.03165093023256),
(31193, '78', '78124', '78420', 'Carrières-sur-Seine', 'carrieres sur seine', 48.91427512820511, 2.17693897435897),
(31194, '78', '78125', '78720', 'La Celle-les-Bordes', 'la celle les bordes', 48.64564244094491, 1.94944409448819),
(31195, '78', '78126', '78170', 'La Celle-Saint-Cloud', 'la celle saint cloud', 48.85133409638556, 2.13845530120482),
(31196, '78', '78128', '78720', 'Cernay-la-Ville', 'cernay la ville', 48.67004935483871, 1.95853717741935),
(31197, '78', '78133', '78240', 'Chambourcy', 'chambourcy', 48.89950533333334, 2.03077550000000),
(31198, '78', '78138', '78570', 'Chanteloup-les-Vignes', 'chanteloup les vignes', 48.97539742424243, 2.03103651515152),
(31199, '78', '78140', '78130', 'Chapet', 'chapet', 48.96728125000001, 1.93808750000000),
(31200, '78', '78143', '78117', 'Châteaufort', 'chateaufort', 48.73704383177572, 2.09546504672897),
(31201, '78', '78146', '78400', 'Chatou', 'chatou', 48.89936254545453, 2.15183400000000),
(31202, '78', '78147', '78270', 'Chaufour-lès-Bonnières', 'chaufour les bonnieres', 49.01800935483871, 1.48395838709677),
(31203, '78', '78152', '78450', 'Chavenay', 'chavenay', 48.85058855421686, 1.98195313253012),
(31204, '78', '78158', '78150', 'Le Chesnay', 'le chesnay', 48.82665027027026, 2.12770270270270),
(31205, '78', '78160', '78460', 'Chevreuse', 'chevreuse', 48.70825169811322, 2.03938339622642),
(31206, '78', '78162', '78460', 'Choisel', 'choisel', 48.67699999999999, 2.01650947368421),
(31207, '78', '78163', '78910', 'Civry-la-Forêt', 'civry la foret', 48.86516456521741, 1.61802695652174),
(31208, '78', '78164', '78120', 'Clairefontaine-en-Yvelines', 'clairefontaine en yvelines', 48.61744626262627, 1.90449535353535),
(31209, '78', '78165', '78340', 'Les Clayes-sous-Bois', 'les clayes sous bois', 48.81602072727274, 1.98309454545454),
(31210, '78', '78168', '78310', 'Coignières', 'coignieres', 48.74980257425745, 1.91355198019802),
(31211, '78', '78171', '78113', 'Condé-sur-Vesgre', 'conde sur vesgre', 48.73366542635657, 1.65903488372093),
(31212, '78', '78172', '78700', 'Conflans-Sainte-Honorine', 'conflans sainte honorine', 48.99711067796609, 2.09557220338983),
(31213, '78', '78185', '78790', 'Courgent', 'courgent', 48.89641500000000, 1.65861651515151),
(31214, '78', '78188', '78270', 'Cravent', 'cravent', 48.99012134328356, 1.48526910447761),
(31215, '78', '78189', '78121', 'Crespières', 'crespieres', 48.88142445783134, 1.91622891566265),
(31216, '78', '78190', '78290', 'Croissy-sur-Seine', 'croissy sur seine', 48.87691360000001, 2.13433240000000),
(31217, '78', '78192', '78111', 'Dammartin-en-Serve', 'dammartin en serve', 48.90556128000001, 1.61514720000000),
(31218, '78', '78193', '78720', 'Dampierre-en-Yvelines', 'dampierre en yvelines', 48.70825963302752, 1.97073623853211),
(31219, '78', '78194', '78550', 'Dannemarie', 'dannemarie', 48.76331099999999, 1.60880800000000),
(31220, '78', '78196', '78810', 'Davron', 'davron', 48.86726634615383, 1.95078346153846),
(31221, '78', '78202', '78440', 'Drocourt', 'drocourt', 49.05498480769230, 1.77144653846154),
(31222, '78', '78206', '78920', 'Ecquevilly', 'ecquevilly', 48.95149329545455, 1.92253670454545),
(31223, '78', '78208', '78990', 'Élancourt', 'elancourt', 48.77750554687500, 1.95799414062500),
(31224, '78', '78209', '78125', 'Émancé', 'emance', 48.59604944444446, 1.73450416666667),
(31225, '78', '78217', '78680', 'Épône', 'epone', 48.95117504000005, 1.81821576000000),
(31226, '78', '78220', '78690', 'Les Essarts-le-Roi', 'les essarts le roi', 48.71512533333335, 1.90958458333333),
(31227, '78', '78224', '78620', 'L\'Étang-la-Ville', 'l etang la ville', 48.86905903846154, 2.06918865384615),
(31228, '78', '78227', '78740', 'Évecquemont', 'evecquemont', 49.01697984848486, 1.94268939393939),
(31229, '78', '78230', '78410', 'La Falaise', 'la falaise', 48.94079833333335, 1.82647217948718),
(31230, '78', '78231', '78200', 'Favrieux', 'favrieux', 48.94501339285715, 1.63928285714286),
(31231, '78', '78233', '78810', 'Feucherolles', 'feucherolles', 48.87694920000001, 1.97364390000000),
(31232, '78', '78234', '78200', 'Flacourt', 'flacourt', 48.93285310344829, 1.64606931034483),
(31233, '78', '78236', '78910', 'Flexanville', 'flexanville', 48.85613739999999, 1.74193120000000),
(31234, '78', '78237', '78790', 'Flins-Neuve-Église', 'flins neuve eglise', 48.89158687500000, 1.57674812500000),
(31235, '78', '78238', '78410', 'Flins-sur-Seine', 'flins sur seine', 48.96418492753624, 1.87314289855072),
(31236, '78', '78239', '78520', 'Follainville-Dennemont', 'follainville dennemont', 49.02432831168831, 1.70583987012987),
(31237, '78', '78242', '78330', 'Fontenay-le-Fleury', 'fontenay le fleury', 48.81469124999999, 2.04500546875000),
(31238, '78', '78245', '78200', 'Fontenay-Mauvoisin', 'fontenay mauvoisin', 48.95948735294117, 1.64625176470588),
(31239, '78', '78246', '78440', 'Fontenay-Saint-Père', 'fontenay saint pere', 49.03098122807018, 1.75769491228070),
(31240, '78', '78251', '78112', 'Fourqueux', 'fourqueux', 48.88889058823530, 2.06057500000000),
(31241, '78', '78255', '78840', 'Freneuse', 'freneuse', 49.04222262295082, 1.60528475409836),
(31242, '78', '78261', '78250', 'Gaillon-sur-Montcient', 'gaillon sur montcient', 49.02569372093024, 1.89822186046512),
(31243, '78', '78262', '78490', 'Galluis', 'galluis', 48.80156513513514, 1.79058783783784),
(31244, '78', '78263', '78950', 'Gambais', 'gambais', 48.77812680851063, 1.66574468085107),
(31245, '78', '78264', '78490', 'Gambaiseuil', 'gambaiseuil', 48.75941283783784, 1.71566243243243),
(31246, '78', '78265', '78890', 'Garancières', 'garancieres', 48.82148590361446, 1.75790614457831),
(31247, '78', '78267', '78440', 'Gargenville', 'gargenville', 48.99215390625002, 1.81182562500000),
(31248, '78', '78269', '78125', 'Gazeran', 'gazeran', 48.63384972972974, 1.78262189189189),
(31249, '78', '78276', '78270', 'Gommecourt', 'gommecourt', 49.07336154929578, 1.59365394366197),
(31250, '78', '78278', '78770', 'Goupillières', 'goupillieres', 48.87980956521739, 1.76393978260870),
(31251, '78', '78281', '78930', 'Goussonville', 'goussonville', 48.92730089552238, 1.76879402985075),
(31252, '78', '78283', '78113', 'Grandchamp', 'grandchamp', 48.72103369565216, 1.61726347826087),
(31253, '78', '78285', '78550', 'Gressey', 'gressey', 48.83353150000001, 1.60450750000000),
(31254, '78', '78289', '78490', 'Grosrouvre', 'grosrouvre', 48.77858276595745, 1.76011957446809),
(31255, '78', '78290', '78520', 'Guernes', 'guernes', 49.01817158730161, 1.64406936507937),
(31256, '78', '78291', '78930', 'Guerville', 'guerville', 48.95267485714285, 1.74102847619048),
(31257, '78', '78296', '78440', 'Guitrancourt', 'guitrancourt', 49.00657319444444, 1.77729375000000),
(31258, '78', '78297', '78280', 'Guyancourt', 'guyancourt', 48.77312885714286, 2.07325700000000),
(31259, '78', '78299', '78250', 'Hardricourt', 'hardricourt', 49.01082596491229, 1.88580263157895),
(31260, '78', '78300', '78790', 'Hargeville', 'hargeville', 48.89752885245901, 1.74421508196721),
(31261, '78', '78302', '78113', 'La Hauteville', 'la hauteville', 48.70472538461537, 1.62646415384615),
(31262, '78', '78305', '78580', 'Herbeville', 'herbeville', 48.90436068181819, 1.88640284090909),
(31263, '78', '78307', '78125', 'Hermeray', 'hermeray', 48.65057765432098, 1.69100135802469),
(31264, '78', '78310', '78550', 'Houdan', 'houdan', 48.79496272727273, 1.59634966942149),
(31265, '78', '78311', '78800', 'Houilles', 'houilles', 48.92719976744184, 2.18887093023256),
(31266, '78', '78314', '78440', 'Issou', 'issou', 48.98897354166666, 1.78805375000000),
(31267, '78', '78317', '78440', 'Jambville', 'jambville', 49.04953962962962, 1.84678611111111),
(31268, '78', '78320', '78270', 'Jeufosse', 'jeufosse', 49.03435339622639, 1.54153679245283),
(31269, '78', '78321', '78760', 'Jouars-Pontchartrain', 'jouars pontchartrain', 48.78366088709677, 1.90723064516129),
(31270, '78', '78322', '78350', 'Jouy-en-Josas', 'jouy en josas', 48.76179838095238, 2.15938542857143),
(31271, '78', '78324', '78200', 'Jouy-Mauvoisin', 'jouy mauvoisin', 48.97382079999999, 1.64433080000000),
(31272, '78', '78325', '78580', 'Jumeauville', 'jumeauville', 48.90910871794871, 1.78599333333333),
(31273, '78', '78327', '78820', 'Juziers', 'juziers', 49.00257737499999, 1.84374112500000),
(31274, '78', '78329', '78440', 'Lainville-en-Vexin', 'lainville en vexin', 49.06066703125000, 1.81579828125000),
(31275, '78', '78334', '78320', 'Lévis-Saint-Nom', 'levis saint nom', 48.72628972972972, 1.93632360360360),
(31276, '78', '78335', '78520', 'Limay', 'limay', 48.99411500000000, 1.73970984375000),
(31277, '78', '78337', '78270', 'Limetz-Villez', 'limetz villez', 49.06556290322580, 1.54869763440860),
(31278, '78', '78343', '78350', 'Les Loges-en-Josas', 'les loges en josas', 48.76210934782610, 2.14076217391304),
(31279, '78', '78344', '78270', 'Lommoye', 'lommoye', 48.99704144230770, 1.52202076923077),
(31280, '78', '78346', '78980', 'Longnes', 'longnes', 48.92017582417582, 1.57540010989011),
(31281, '78', '78349', '78730', 'Longvilliers', 'longvilliers', 48.57869471830982, 2.00262190140845),
(31282, '78', '78350', '78430', 'Louveciennes', 'louveciennes', 48.86115724637681, 2.11558666666667),
(31283, '78', '78354', '78200', 'Magnanville', 'magnanville', 48.96897489795919, 1.68502061224490),
(31284, '78', '78356', '78114', 'Magny-les-Hameaux', 'magny les hameaux', 48.73847076470589, 2.05758888235294),
(31285, '78', '78358', '78600', 'Maisons-Laffitte', 'maisons laffitte', 48.95218069767444, 2.14459418604651),
(31286, '78', '78361', '78200', 'Mantes-la-Jolie', 'mantes la jolie', 48.99444294117646, 1.70188745098039),
(31287, '78', '78362', '78711', 'Mantes-la-Ville', 'mantes la ville', 48.97293831460672, 1.71209011235955),
(31288, '78', '78364', '78770', 'Marcq', 'marcq', 48.86250796610170, 1.82357406779661),
(31289, '78', '78366', '78490', 'Mareil-le-Guyon', 'mareil le guyon', 48.79238745098039, 1.85368333333333),
(31290, '78', '78367', '78750', 'Mareil-Marly', 'mareil marly', 48.87999222222222, 2.07550222222222),
(31291, '78', '78368', '78124', 'Mareil-sur-Mauldre', 'mareil sur mauldre', 48.89070405940594, 1.87313940594059),
(31292, '78', '78372', '78160', 'Marly-le-Roi', 'marly le roi', 48.86901045454544, 2.09212943181818),
(31293, '78', '78380', '78580', 'Maule', 'maule', 48.91054130000001, 1.84784010000000),
(31294, '78', '78381', '78550', 'Maulette', 'maulette', 48.78437209302329, 1.61609325581395),
(31295, '78', '78382', '78780', 'Maurecourt', 'maurecourt', 48.99741480769229, 2.05216576923077),
(31296, '78', '78383', '78310', 'Maurepas', 'maurepas', 48.77251333333335, 1.93126071428571),
(31297, '78', '78384', '78670', 'Médan', 'medan', 48.95334970149254, 1.98706656716418),
(31298, '78', '78385', '78200', 'Ménerville', 'menerville', 48.95698311111111, 1.59643866666667),
(31299, '78', '78389', '78490', 'Méré', 'mere', 48.79756616279071, 1.82300104651163),
(31300, '78', '78391', '78270', 'Méricourt', 'mericourt', 49.03627600000000, 1.62235228571429),
(31301, '78', '78396', '78600', 'Le Mesnil-le-Roi', 'le mesnil le roi', 48.92728277777777, 2.11903592592593),
(31302, '78', '78397', '78320', 'Le Mesnil-Saint-Denis', 'le mesnil saint denis', 48.74025620689654, 1.96305462068965),
(31303, '78', '78398', '78490', 'Les Mesnuls', 'les mesnuls', 48.75546686567163, 1.83558253731343),
(31304, '78', '78401', '78250', 'Meulan-en-Yvelines', 'meulan en yvelines', 49.00723117647060, 1.90998607843137),
(31305, '78', '78402', '78970', 'Mézières-sur-Seine', 'mezieres sur seine', 48.94949460674157, 1.78001483146067),
(31306, '78', '78403', '78250', 'Mézy-sur-Seine', 'mezy sur seine', 49.00253500000000, 1.86966378787879),
(31307, '78', '78404', '78940', 'Millemont', 'millemont', 48.80930942857143, 1.72694400000000),
(31308, '78', '78406', '78470', 'Milon-la-Chapelle', 'milon la chapelle', 48.72799369230770, 2.04409669230769),
(31309, '78', '78407', '78125', 'Mittainville', 'mittainville', 48.66434011494253, 1.63185781609195),
(31310, '78', '78410', '78840', 'Moisson', 'moisson', 49.07022142857146, 1.66931551020408),
(31311, '78', '78413', '78980', 'Mondreville', 'mondreville', 48.90266714285714, 1.55462242857143),
(31312, '78', '78415', '78124', 'Montainville', 'montainville', 48.87923077922079, 1.86034974025974),
(31313, '78', '78416', '78440', 'Montalet-le-Bois', 'montalet le bois', 49.04530657142857, 1.82850171428571),
(31314, '78', '78417', '78790', 'Montchauvet', 'montchauvet', 48.89236493243242, 1.62946567567568),
(31315, '78', '78418', '78360', 'Montesson', 'montesson', 48.91210265306121, 2.14510367346939),
(31316, '78', '78420', '78490', 'Montfort-l\'Amaury', 'montfort l amaury', 48.77186108695651, 1.81622869565217),
(31317, '78', '78423', '78180', 'Montigny-le-Bretonneux', 'montigny le bretonneux', 48.77569290000001, 2.02841160000000),
(31318, '78', '78431', '78630', 'Morainvilliers', 'morainvilliers', 48.93201999999999, 1.94749900900901),
(31319, '78', '78437', '78270', 'Mousseaux-sur-Seine', 'mousseaux sur seine', 49.04726896551725, 1.65420551724138),
(31320, '78', '78439', '78790', 'Mulcent', 'mulcent', 48.88023600000000, 1.64983520000000),
(31321, '78', '78440', '78130', 'Les Mureaux', 'les mureaux', 48.98262483870968, 1.91323629032258),
(31322, '78', '78442', '78640', 'Neauphle-le-Château', 'neauphle le chateau', 48.81112976744187, 1.90327697674419),
(31323, '78', '78443', '78640', 'Neauphle-le-Vieux', 'neauphle le vieux', 48.81590016000000, 1.86145336000000),
(31324, '78', '78444', '78980', 'Neauphlette', 'neauphlette', 48.93530860000003, 1.54118890000000),
(31325, '78', '78451', '78410', 'Nézel', 'nezel', 48.94219410714284, 1.83873607142857),
(31326, '78', '78455', '78590', 'Noisy-le-Roi', 'noisy le roi', 48.84277874999999, 2.05444937500000),
(31327, '78', '78460', '78250', 'Oinville-sur-Montcient', 'oinville sur montcient', 49.02375960784314, 1.84732313725490),
(31328, '78', '78464', '78125', 'Orcemont', 'orcemont', 48.59736839622640, 1.80617641509434),
(31329, '78', '78465', '78910', 'Orgerus', 'orgerus', 48.83682853146851, 1.69862629370629),
(31330, '78', '78466', '78630', 'Orgeval', 'orgeval', 48.92016764705883, 1.96699588235294),
(31331, '78', '78470', '78125', 'Orphin', 'orphin', 48.57873282828283, 1.78543616161616),
(31332, '78', '78472', '78660', 'Orsonville', 'orsonville', 48.47682950819671, 1.82400573770492),
(31333, '78', '78474', '78910', 'Orvilliers', 'orvilliers', 48.85534367647060, 1.64363897058824),
(31334, '78', '78475', '78910', 'Osmoy', 'osmoy', 48.86458941176472, 1.71980235294118),
(31335, '78', '78478', '78660', 'Paray-Douaville', 'paray douaville', 48.45754070175439, 1.86086929824561),
(31336, '78', '78481', '78230', 'Le Pecq', 'le pecq', 48.89238477611940, 2.10225522388060),
(31337, '78', '78484', '78200', 'Perdreauville', 'perdreauville', 48.97210968253967, 1.61422912698413),
(31338, '78', '78486', '78610', 'Le Perray-en-Yvelines', 'le perray en yvelines', 48.69177939999999, 1.84310760000000),
(31339, '78', '78490', '78370', 'Plaisir', 'plaisir', 48.81073598130840, 1.95189962616822),
(31340, '78', '78497', '78125', 'Poigny-la-Forêt', 'poigny la foret', 48.67736594936710, 1.76069291139240),
(31341, '78', '78498', '78300', 'Poissy', 'poissy', 48.92316525925926, 2.02711400000000),
(31342, '78', '78499', '78730', 'Ponthévrard', 'ponthevrard', 48.54868380952383, 1.91212825396825),
(31343, '78', '78501', '78440', 'Porcheville', 'porcheville', 48.97429575000000, 1.76651900000000),
(31344, '78', '78502', '78560', 'Le Port-Marly', 'le port marly', 48.87867333333333, 2.10786566666667),
(31345, '78', '78503', '78270', 'Port-Villez', 'port villez', 49.06967706666669, 1.51344213333333),
(31346, '78', '78505', '78910', 'Prunay-le-Temple', 'prunay le temple', 48.86024619047618, 1.67261666666667),
(31347, '78', '78506', '78660', 'Prunay-en-Yvelines', 'prunay en yvelines', 48.52177761061947, 1.80807584070797),
(31348, '78', '78513', '78940', 'La Queue-les-Yvelines', 'la queue les yvelines', 48.80352376623378, 1.77101675324675),
(31349, '78', '78516', '78125', 'Raizeux', 'raizeux', 48.63420063291140, 1.68474873417722),
(31350, '78', '78517', '78120', 'Rambouillet', 'rambouillet', 48.65014738805969, 1.83551238805970),
(31351, '78', '78518', '78590', 'Rennemoulin', 'rennemoulin', 48.83426611111112, 2.04308194444444),
(31352, '78', '78520', '78550', 'Richebourg', 'richebourg', 48.82612635416667, 1.63544375000000),
(31353, '78', '78522', '78730', 'Rochefort-en-Yvelines', 'rochefort en yvelines', 48.59550173228348, 1.98951440944882),
(31354, '78', '78524', '78150', 'Rocquencourt', 'rocquencourt', 48.83433097560975, 2.10870487804878),
(31355, '78', '78528', '78270', 'Rolleboise', 'rolleboise', 49.01928021739130, 1.59940456521739),
(31356, '78', '78530', '78790', 'Rosay', 'rosay', 48.91236765432098, 1.68373666666667),
(31357, '78', '78531', '78710', 'Rosny-sur-Seine', 'rosny sur seine', 48.99732076271187, 1.59875661016949),
(31358, '78', '78536', '78440', 'Sailly', 'sailly', 49.04495655172413, 1.79690206896552),
(31359, '78', '78537', '78730', 'Saint-Arnoult-en-Yvelines', 'saint arnoult en yvelines', 48.57282850393700, 1.93433614173228),
(31360, '78', '78545', '78210', 'Saint-Cyr-l\'École', 'saint cyr l ecole', 48.80859829268294, 2.06584219512195),
(31361, '78', '78548', '78720', 'Saint-Forget', 'saint forget', 48.71389708333334, 1.99478666666667),
(31362, '78', '78550', '78640', 'Saint-Germain-de-la-Grange', 'saint germain de la grange', 48.83524171052633, 1.90434907894737),
(31363, '78', '78551', '78100', 'Saint-Germain-en-Laye', 'saint germain en laye', 48.92747713483146, 2.09321286516854),
(31364, '78', '78557', '78125', 'Saint-Hilarion', 'saint hilarion', 48.61935789915967, 1.71552815126050),
(31365, '78', '78558', '78980', 'Saint-Illiers-la-Ville', 'saint illiers la ville', 48.97955540983608, 1.54646868852459),
(31366, '78', '78559', '78980', 'Saint-Illiers-le-Bois', 'saint illiers le bois', 48.96175000000000, 1.50935940000000),
(31367, '78', '78561', '78470', 'Saint-Lambert', 'saint lambert', 48.73292999999998, 2.01199947368421),
(31368, '78', '78562', '78610', 'Saint-Léger-en-Yvelines', 'saint leger en yvelines', 48.74068272727275, 1.77649465909091),
(31369, '78', '78564', '78660', 'Saint-Martin-de-Bréthencourt', 'saint martin de brethencourt', 48.51677598214285, 1.92522312500000),
(31370, '78', '78565', '78790', 'Saint-Martin-des-Champs', 'saint martin des champs', 48.87471015151515, 1.71597515151515),
(31371, '78', '78567', '78520', 'Saint-Martin-la-Garenne', 'saint martin la garenne', 49.03332580952380, 1.67452361904762),
(31372, '78', '78569', '78730', 'Sainte-Mesme', 'sainte mesme', 48.53625696202533, 1.94653734177215),
(31373, '78', '78571', '78860', 'Saint-Nom-la-Bretèche', 'saint nom la breteche', 48.85870253968254, 2.01602904761905),
(31374, '78', '78575', '78470', 'Saint-Rémy-lès-Chevreuse', 'saint remy les chevreuse', 48.70220134615386, 2.07555365384616),
(31375, '78', '78576', '78690', 'Saint-Rémy-l\'Honoré', 'saint remy l honore', 48.75225216666669, 1.87810100000000),
(31376, '78', '78586', '78500', 'Sartrouville', 'sartrouville', 48.93831741935482, 2.18091016129032),
(31377, '78', '78588', '78650', 'Saulx-Marchais', 'saulx marchais', 48.84383375000001, 1.83523000000000),
(31378, '78', '78590', '78720', 'Senlisse', 'senlisse', 48.68231173076921, 1.97339875000000),
(31379, '78', '78591', '78790', 'Septeuil', 'septeuil', 48.88924709999999, 1.67900700000000),
(31380, '78', '78597', '78200', 'Soindres', 'soindres', 48.95304828571428, 1.66978328571429),
(31381, '78', '78601', '78120', 'Sonchamp', 'sonchamp', 48.58501705128207, 1.87399570512821),
(31382, '78', '78605', '78910', 'Tacoignières', 'tacoignieres', 48.83135044444445, 1.66452844444444),
(31383, '78', '78606', '78113', 'Le Tartre-Gaudran', 'le tartre gaudran', 48.69770740740741, 1.60572333333333),
(31384, '78', '78608', '78980', 'Le Tertre-Saint-Denis', 'le tertre saint denis', 48.94408055555557, 1.60896583333333),
(31385, '78', '78609', '78250', 'Tessancourt-sur-Aubette', 'tessancourt sur aubette', 49.02213000000000, 1.92112847826087),
(31386, '78', '78615', '78850', 'Thiverval-Grignon', 'thiverval grignon', 48.84167487394961, 1.92880831932773),
(31387, '78', '78616', '78770', 'Thoiry', 'thoiry', 48.86886696428569, 1.79913464285714),
(31388, '78', '78618', '78790', 'Tilly', 'tilly', 48.87967270588234, 1.57047070588235),
(31389, '78', '78620', '78117', 'Toussus-le-Noble', 'toussus le noble', 48.74636775862069, 2.11659672413793),
(31390, '78', '78621', '78190', 'Trappes', 'trappes', 48.77304956521739, 1.99081032608696),
(31391, '78', '78623', '78490', 'Le Tremblay-sur-Mauldre', 'le tremblay sur mauldre', 48.77992323076923, 1.87832030769231),
(31392, '78', '78624', '78510', 'Triel-sur-Seine', 'triel sur seine', 48.97804088495575, 2.00903628318584),
(31393, '78', '78638', '78740', 'Vaux-sur-Seine', 'vaux sur seine', 49.01075712328768, 1.96721260273973),
(31394, '78', '78640', '78140', 'Vélizy-Villacoublay', 'velizy villacoublay', 48.78307144927538, 2.20120739130435),
(31395, '78', '78642', '78480', 'Verneuil-sur-Seine', 'verneuil sur seine', 48.98127825000002, 1.96593050000000),
(31396, '78', '78643', '78540', 'Vernouillet', 'vernouillet', 48.96550000000000, 1.97599000000000),
(31397, '78', '78644', '78320', 'La Verrière', 'la verriere', 48.75430265306122, 1.95491836734694),
(31398, '78', '78646', '78000', 'Versailles', 'versailles', 48.80194537190080, 2.13053859504132),
(31399, '78', '78647', '78930', 'Vert', 'vert', 48.93929627906978, 1.68563348837209),
(31400, '78', '78650', '78110', 'Le Vésinet', 'le vesinet', 48.89540818181820, 2.12904181818182),
(31401, '78', '78653', '78490', 'Vicq', 'vicq', 48.81844014084506, 1.82806267605634),
(31402, '78', '78655', '78125', 'Vieille-Église-en-Yvelines', 'vieille eglise en yvelines', 48.66913724637683, 1.87586057971015),
(31403, '78', '78668', '78270', 'La Villeneuve-en-Chevrie', 'la villeneuve en chevrie', 49.01316821138212, 1.53789560975610),
(31404, '78', '78672', '78670', 'Villennes-sur-Seine', 'villennes sur seine', 48.93827814285716, 1.99654685714286),
(31405, '78', '78674', '78450', 'Villepreux', 'villepreux', 48.83109933333335, 2.01681573333333),
(31406, '78', '78677', '78930', 'Villette', 'villette', 48.92623227848100, 1.69453987341772),
(31407, '78', '78681', '78770', 'Villiers-le-Mahieu', 'villiers le mahieu', 48.85524544303798, 1.77159316455696),
(31408, '78', '78683', '78640', 'Villiers-Saint-Frédéric', 'villiers saint frederic', 48.81972162790699, 1.87950558139535),
(31409, '78', '78686', '78220', 'Viroflay', 'viroflay', 48.80202438596492, 2.17013684210526),
(31410, '78', '78688', '78960', 'Voisins-le-Bretonneux', 'voisins le bretonneux', 48.75841355932204, 2.04384000000000),
(35099, '91', '91001', '91150', 'Abbéville-la-Rivière', 'abbeville la riviere', 48.34096299999999, 2.18532400000000),
(35100, '91', '91016', '91670', 'Angerville', 'angerville', 48.30345747663551, 2.00264289719626),
(35101, '91', '91017', '91470', 'Angervilliers', 'angervilliers', 48.59106406976743, 2.06287139534884),
(35102, '91', '91021', '91290', 'Arpajon', 'arpajon', 48.58958915492958, 2.24373633802817),
(35103, '91', '91022', '91690', 'Arrancourt', 'arrancourt', 48.33017858823529, 2.15465905882353),
(35104, '91', '91027', '91200', 'Athis-Mons', 'athis mons', 48.70978985507246, 2.38718840579710),
(35105, '91', '91035', '91410', 'Authon-la-Plaine', 'authon la plaine', 48.45822517857143, 1.95285589285714),
(35106, '91', '91037', '91830', 'Auvernaux', 'auvernaux', 48.52839975308639, 2.48897296296296),
(35107, '91', '91038', '91580', 'Auvers-Saint-Georges', 'auvers saint georges', 48.48273134751770, 2.22659056737589),
(35108, '91', '91041', '91630', 'Avrainville', 'avrainville', 48.55372015873018, 2.24702793650794),
(35109, '91', '91044', '91160', 'Ballainvilliers', 'ballainvilliers', 48.67473181818182, 2.29232227272727),
(35110, '91', '91045', '91610', 'Ballancourt-sur-Essonne', 'ballancourt sur essonne', 48.52600249999998, 2.38681108695652),
(35111, '91', '91047', '91590', 'Baulne', 'baulne', 48.49285876923079, 2.37548823076923),
(35112, '91', '91064', '91570', 'Bièvres', 'bievres', 48.76111577777778, 2.21011911111111),
(35113, '91', '91067', '91150', 'Blandy', 'blandy', 48.32109927272727, 2.25783345454545),
(35114, '91', '91069', '91720', 'Boigneville', 'boigneville', 48.32750718181820, 2.37529572727273),
(35115, '91', '91075', '91150', 'Bois-Herpin', 'bois herpin', 48.37492283333332, 2.24515700000000),
(35116, '91', '91079', '91690', 'Boissy-la-Rivière', 'boissy la riviere', 48.38489903703703, 2.16556259259259),
(35117, '91', '91080', '91590', 'Boissy-le-Cutté', 'boissy le cutte', 48.46925919999999, 2.28075346666667),
(35118, '91', '91081', '91870', 'Boissy-le-Sec', 'boissy le sec', 48.48621880000000, 2.09180432000000),
(35119, '91', '91085', '91790', 'Boissy-sous-Saint-Yon', 'boissy sous saint yon', 48.55091187500002, 2.21102296875000),
(35120, '91', '91086', '91070', 'Bondoufle', 'bondoufle', 48.61447589743590, 2.37982871794872),
(35121, '91', '91093', '91470', 'Boullay-les-Troux', 'boullay les troux', 48.67680472222224, 2.05192097222222),
(35122, '91', '91095', '91850', 'Bouray-sur-Juine', 'bouray sur juine', 48.51400421686748, 2.29658831325301),
(35123, '91', '91097', '91800', 'Boussy-Saint-Antoine', 'boussy saint antoine', 48.69137508474575, 2.53664033898305),
(35124, '91', '91098', '91150', 'Boutervilliers', 'boutervilliers', 48.45404416666666, 2.05210736111111),
(35125, '91', '91099', '91820', 'Boutigny-sur-Essonne', 'boutigny sur essonne', 48.43110729729729, 2.39035171171171),
(35126, '91', '91100', '91880', 'Bouville', 'bouville', 48.43522883435582, 2.27708325153374),
(35127, '91', '91103', '91220', 'Brétigny-sur-Orge', 'bretigny sur orge', 48.60436718518520, 2.29974755555556),
(35128, '91', '91105', '91650', 'Breuillet', 'breuillet', 48.57444844036697, 2.16796394495413),
(35129, '91', '91106', '91650', 'Breux-Jouy', 'breux jouy', 48.55187095238095, 2.16253440476190),
(35130, '91', '91109', '91150', 'Brières-les-Scellés', 'brieres les scelles', 48.46328000000002, 2.14633168831169),
(35131, '91', '91111', '91640', 'Briis-sous-Forges', 'briis sous forges', 48.62717736842107, 2.12998557894737),
(35132, '91', '91112', '91150', 'Brouy', 'brouy', 48.32643342105263, 2.29398065789474),
(35133, '91', '91114', '91800', 'Brunoy', 'brunoy', 48.70382642857141, 2.50899042857143),
(35134, '91', '91115', '91680', 'Bruyères-le-Châtel', 'bruyeres le chatel', 48.59355523809524, 2.18545469387755),
(35135, '91', '91121', '91720', 'Buno-Bonnevaux', 'buno bonnevaux', 48.35822058823531, 2.39996838235294),
(35136, '91', '91122', '91440', 'Bures-sur-Yvette', 'bures sur yvette', 48.69129737931034, 2.15627372413793),
(35137, '91', '91129', '91590', 'Cerny', 'cerny', 48.48937522388059, 2.31048276119403),
(35138, '91', '91130', '91780', 'Chalo-Saint-Mars', 'chalo saint mars', 48.42009373493978, 2.05702114457831),
(35139, '91', '91131', '91740', 'Chalou-Moulineux', 'chalou moulineux', 48.38354318840582, 2.02746956521739),
(35140, '91', '91132', '91730', 'Chamarande', 'chamarande', 48.51331940298509, 2.22474268656716),
(35141, '91', '91135', '91750', 'Champcueil', 'champcueil', 48.50584250000001, 2.44852479166667),
(35142, '91', '91136', '91160', 'Champlan', 'champlan', 48.70458119402984, 2.27765791044776),
(35143, '91', '91137', '91150', 'Champmotteux', 'champmotteux', 48.34438746666666, 2.31254346666667),
(35144, '91', '91145', '91410', 'Chatignonville', 'chatignonville', 48.46946896551726, 1.93220931034483),
(35145, '91', '91148', '91580', 'Chauffour-lès-Étréchy', 'chauffour les etrechy', 48.50533333333333, 2.17325347826087),
(35146, '91', '91156', '91630', 'Cheptainville', 'cheptainville', 48.54428267857143, 2.27462000000000),
(35147, '91', '91159', '91750', 'Chevannes', 'chevannes', 48.53295043478261, 2.44201811594203),
(35148, '91', '91161', '91380', 'Chilly-Mazarin', 'chilly mazarin', 48.70419380952382, 2.30919492063492),
(35149, '91', '91174', '91100', 'Corbeil-Essonnes', 'corbeil essonnes', 48.59955185430459, 2.46848913907285),
(35150, '91', '91175', '91410', 'Corbreuse', 'corbreuse', 48.50214007812499, 1.96276132812500),
(35151, '91', '91179', '91830', 'Le Coudray-Montceaux', 'le coudray montceaux', 48.56280823529414, 2.49029882352941),
(35152, '91', '91180', '91490', 'Courances', 'courances', 48.43971776470588, 2.48603247058823),
(35153, '91', '91182', '91080', 'Courcouronnes', 'courcouronnes', 48.62365298245614, 2.40965578947368),
(35154, '91', '91184', '91720', 'Courdimanche-sur-Essonne', 'courdimanche sur essonne', 48.41723690476190, 2.36312738095238),
(35155, '91', '91186', '91680', 'Courson-Monteloup', 'courson monteloup', 48.59798333333334, 2.13999315789474),
(35156, '91', '91191', '91560', 'Crosne', 'crosne', 48.72054125000000, 2.46103013888889),
(35157, '91', '91195', '91490', 'Dannemois', 'dannemois', 48.45940857142859, 2.46830714285714),
(35158, '91', '91198', '91590', 'D\'Huison-Longueville', 'd huison longueville', 48.45735661290323, 2.33128959677419),
(35159, '91', '91200', '91410', 'Dourdan', 'dourdan', 48.53459128099180, 1.98707078512397),
(35160, '91', '91201', '91210', 'Draveil', 'draveil', 48.67974837209303, 2.42197209302326),
(35161, '91', '91204', '91540', 'Écharcon', 'echarcon', 48.57352554054053, 2.40263797297297),
(35162, '91', '91207', '91520', 'Égly', 'egly', 48.57930417721520, 2.21937126582278),
(35163, '91', '91215', '91860', 'Épinay-sous-Sénart', 'epinay sous senart', 48.69172418604653, 2.52057860465116),
(35164, '91', '91216', '91360', 'Épinay-sur-Orge', 'epinay sur orge', 48.67043637681159, 2.32192463768116),
(35165, '91', '91222', '91660', 'Estouches', 'estouches', 48.31029216216216, 2.13598081081081),
(35166, '91', '91223', '91150', 'Étampes', 'etampes', 48.42446752767525, 2.14598468634687),
(35167, '91', '91225', '91450', 'Étiolles', 'etiolles', 48.64600478873240, 2.48191464788732),
(35168, '91', '91226', '91580', 'Étréchy', 'etrechy', 48.49450124183005, 2.18387627450980),
(35169, '91', '91228', '91000', 'Évry', 'evry', 48.62883936507937, 2.43909063492063),
(35170, '91', '91232', '91590', 'La Ferté-Alais', 'la ferte alais', 48.48207158536586, 2.36141475609756),
(35171, '91', '91235', '91700', 'Fleury-Mérogis', 'fleury merogis', 48.63332228070177, 2.36923087719298),
(35172, '91', '91240', '91690', 'Fontaine-la-Rivière', 'fontaine la riviere', 48.35807476190478, 2.15591273809524),
(35173, '91', '91243', '91640', 'Fontenay-lès-Briis', 'fontenay les briis', 48.61267902654868, 2.16605371681416),
(35174, '91', '91244', '91540', 'Fontenay-le-Vicomte', 'fontenay le vicomte', 48.54894441176472, 2.39887088235294),
(35175, '91', '91247', '91410', 'La Forêt-le-Roi', 'la foret le roi', 48.47647333333335, 2.04766260869565),
(35176, '91', '91248', '91150', 'La Forêt-Sainte-Croix', 'la foret sainte croix', 48.38617000000000, 2.22981963636364),
(35177, '91', '91249', '91470', 'Forges-les-Bains', 'forges les bains', 48.62272657657657, 2.08098027027027),
(35178, '91', '91272', '91190', 'Gif-sur-Yvette', 'gif sur yvette', 48.69728484042555, 2.13261079787234),
(35179, '91', '91273', '91720', 'Gironville-sur-Essonne', 'gironville sur essonne', 48.36880562962965, 2.35458696296296),
(35180, '91', '91274', '91400', 'Gometz-la-Ville', 'gometz la ville', 48.67866761061948, 2.10861389380531),
(35181, '91', '91275', '91940', 'Gometz-le-Châtel', 'gometz le chatel', 48.67781433333333, 2.14346500000000),
(35182, '91', '91284', '91410', 'Les Granges-le-Roi', 'les granges le roi', 48.49880225490195, 2.00798117647059),
(35183, '91', '91286', '91350', 'Grigny', 'grigny', 48.65358200000001, 2.38849657142857),
(35184, '91', '91292', '91630', 'Guibeville', 'guibeville', 48.56829477272727, 2.27468590909091),
(35185, '91', '91293', '91590', 'Guigneville-sur-Essonne', 'guigneville sur essonne', 48.46308504854369, 2.35994378640777),
(35186, '91', '91294', '91690', 'Guillerval', 'guillerval', 48.36005294736841, 2.08082073684210),
(35187, '91', '91312', '91430', 'Igny', 'igny', 48.73663467532468, 2.22330012987013),
(35188, '91', '91315', '91760', 'Itteville', 'itteville', 48.51536784431136, 2.34749311377246),
(35189, '91', '91318', '91510', 'Janville-sur-Juine', 'janville sur juine', 48.50218175572519, 2.25093480916031),
(35190, '91', '91319', '91640', 'Janvry', 'janvry', 48.64807514285715, 2.15794028571428),
(35191, '91', '91326', '91260', 'Juvisy-sur-Orge', 'juvisy sur orge', 48.69226728813559, 2.37211881355932),
(35192, '91', '91330', '91510', 'Lardy', 'lardy', 48.52461872727272, 2.26438090909091),
(35193, '91', '91332', '91630', 'Leudeville', 'leudeville', 48.57299285714288, 2.32958648351648),
(35194, '91', '91333', '91310', 'Leuville-sur-Orge', 'leuville sur orge', 48.61408791666666, 2.27036520833333),
(35195, '91', '91338', '91470', 'Limours', 'limours', 48.64583058333332, 2.07928375000000),
(35196, '91', '91339', '91310', 'Linas', 'linas', 48.62703382716050, 2.25404271604938),
(35197, '91', '91340', '91090', 'Lisses', 'lisses', 48.59461043478263, 2.42463086956522),
(35198, '91', '91345', '91160', 'Longjumeau', 'longjumeau', 48.69200917525772, 2.29953814432990),
(35199, '91', '91347', '91310', 'Longpont-sur-Orge', 'longpont sur orge', 48.63531383838385, 2.28859949494949),
(35200, '91', '91359', '91720', 'Maisse', 'maisse', 48.39865908496733, 2.38212071895425),
(35201, '91', '91363', '91460', 'Marcoussis', 'marcoussis', 48.64672654867256, 2.20700592920354),
(35202, '91', '91374', '91150', 'Marolles-en-Beauce', 'marolles en beauce', 48.36867093023255, 2.20994000000000),
(35203, '91', '91376', '91630', 'Marolles-en-Hurepoix', 'marolles en hurepoix', 48.56527794117648, 2.29833602941176),
(35204, '91', '91377', '91300', 'Massy', 'massy', 48.73085635135136, 2.26797243243243),
(35205, '91', '91378', '91730', 'Mauchamps', 'mauchamps', 48.53136128205129, 2.19446717948718),
(35206, '91', '91386', '91540', 'Mennecy', 'mennecy', 48.56138717647057, 2.43379835294118),
(35207, '91', '91390', '91660', 'Méréville', 'mereville', 48.32248928571427, 2.08363223214286),
(35208, '91', '91393', '91780', 'Mérobert', 'merobert', 48.41986245901640, 1.99503868852459),
(35209, '91', '91399', '91150', 'Mespuits', 'mespuits', 48.36075605263157, 2.28183065789474),
(35210, '91', '91405', '91490', 'Milly-la-Forêt', 'milly la foret', 48.40291180232556, 2.45240715116279),
(35211, '91', '91408', '91490', 'Moigny-sur-École', 'moigny sur ecole', 48.43638799999999, 2.44150677777778),
(35212, '91', '91411', '91470', 'Les Molières', 'les molieres', 48.67149556701032, 2.06831804123711),
(35213, '91', '91412', '91590', 'Mondeville', 'mondeville', 48.49025148936170, 2.41727425531915),
(35214, '91', '91414', '91930', 'Monnerville', 'monnerville', 48.34644000000000, 2.04382358490566),
(35215, '91', '91421', '91230', 'Montgeron', 'montgeron', 48.69972402298852, 2.45900471264368),
(35216, '91', '91425', '91310', 'Montlhéry', 'montlhery', 48.64134882352942, 2.27024264705882),
(35217, '91', '91432', '91420', 'Morangis', 'morangis', 48.70160642857143, 2.33342809523809),
(35218, '91', '91433', '91150', 'Morigny-Champigny', 'morigny champigny', 48.44114660000002, 2.20242610000000),
(35219, '91', '91434', '91390', 'Morsang-sur-Orge', 'morsang sur orge', 48.65964709677420, 2.35639838709677),
(35220, '91', '91435', '91250', 'Morsang-sur-Seine', 'morsang sur seine', 48.57799181818181, 2.50335272727273),
(35221, '91', '91441', '91750', 'Nainville-les-Roches', 'nainville les roches', 48.50776676470587, 2.49646838235294),
(35222, '91', '91457', '91290', 'La Norville', 'la norville', 48.57963948051948, 2.26679090909091),
(35223, '91', '91458', '91620', 'Nozay', 'nozay', 48.66088344827585, 2.24225241379310),
(35224, '91', '91461', '91340', 'Ollainville', 'ollainville', 48.60377151515147, 2.21860030303030),
(35225, '91', '91463', '91490', 'Oncy-sur-École', 'oncy sur ecole', 48.37914848484849, 2.45153393939394),
(35226, '91', '91468', '91540', 'Ormoy', 'ormoy', 48.57562480769230, 2.45843961538462),
(35227, '91', '91469', '91150', 'Ormoy-la-Rivière', 'ormoy la riviere', 48.40057557894733, 2.15734947368421),
(35228, '91', '91471', '91400', 'Orsay', 'orsay', 48.69565351063829, 2.18802212765957),
(35229, '91', '91473', '91590', 'Orveau', 'orveau', 48.44827192307694, 2.29560307692308),
(35230, '91', '91477', '91120', 'Palaiseau', 'palaiseau', 48.71157669354837, 2.22626879032258),
(35231, '91', '91479', '91550', 'Paray-Vieille-Poste', 'paray vieille poste', 48.71254050000000, 2.36338530000000),
(35232, '91', '91479', '94390', 'Paray-Vieille-Poste', 'paray vieille poste', 48.73014630000000, 2.36205190000000),
(35233, '91', '91482', '91470', 'Pecqueuse', 'pecqueuse', 48.64523342342343, 2.03757774774775),
(35234, '91', '91494', '91220', 'Le Plessis-Pâté', 'le plessis pate', 48.60346680000000, 2.34140146666667),
(35235, '91', '91495', '91410', 'Plessis-Saint-Benoist', 'plessis saint benoist', 48.44260053571428, 2.00766089285714),
(35236, '91', '91507', '91720', 'Prunay-sur-Essonne', 'prunay sur essonne', 48.35342812500001, 2.36598421875000),
(35237, '91', '91508', '91150', 'Puiselet-le-Marais', 'puiselet le marais', 48.39648072916669, 2.26388989583333),
(35238, '91', '91511', '91740', 'Pussay', 'pussay', 48.35680346666668, 1.99846853333333),
(35239, '91', '91514', '91480', 'Quincy-sous-Sénart', 'quincy sous senart', 48.67557422222223, 2.53466755555556),
(35240, '91', '91519', '91410', 'Richarville', 'richarville', 48.47101242857143, 2.00105300000000),
(35241, '91', '91521', '91130', 'Ris-Orangis', 'ris orangis', 48.64168343749999, 2.40548046875000),
(35242, '91', '91525', '91410', 'Roinville', 'roinville', 48.51540618556701, 2.05348969072165),
(35243, '91', '91526', '91150', 'Roinvilliers', 'roinvilliers', 48.34100506172839, 2.23727135802469),
(35244, '91', '91533', '91690', 'Saclas', 'saclas', 48.36084295597485, 2.11545534591195),
(35245, '91', '91534', '91400', 'Saclay', 'saclay', 48.73642230000000, 2.16527370000000),
(35246, '91', '91538', '91190', 'Saint-Aubin', 'saint aubin', 48.71474305084747, 2.13681457627119),
(35247, '91', '91540', '91530', 'Saint-Chéron', 'saint cheron', 48.54503109999999, 2.12651360000000),
(35248, '91', '91544', '91690', 'Saint-Cyr-la-Rivière', 'saint cyr la riviere', 48.35717060150375, 2.14423932330827),
(35249, '91', '91546', '91410', 'Saint-Cyr-sous-Dourdan', 'saint cyr sous dourdan', 48.56741666666667, 2.03850148148148),
(35250, '91', '91547', '91410', 'Saint-Escobille', 'saint escobille', 48.42274876712329, 1.95702287671233),
(35251, '91', '91549', '91700', 'Sainte-Geneviève-des-Bois', 'sainte genevieve des bois', 48.64376616438355, 2.32310931506849),
(35252, '91', '91552', '91180', 'Saint-Germain-lès-Arpajon', 'saint germain les arpajon', 48.59781976190474, 2.26658261904762),
(35253, '91', '91553', '91250', 'Saint-Germain-lès-Corbeil', 'saint germain les corbeil', 48.62425053571427, 2.48878785714286),
(35254, '91', '91556', '91780', 'Saint-Hilaire', 'saint hilaire', 48.43975365853659, 2.08345158536585),
(35255, '91', '91560', '91940', 'Saint-Jean-de-Beauregard', 'saint jean de beauregard', 48.66550507246378, 2.17516130434783),
(35256, '91', '91568', '91530', 'Saint-Maurice-Montcouronne', 'saint maurice montcouronne', 48.57891991596639, 2.12283512605042),
(35257, '91', '91570', '91240', 'Saint-Michel-sur-Orge', 'saint michel sur orge', 48.63318058823530, 2.31146294117647),
(35258, '91', '91573', '91280', 'Saint-Pierre-du-Perray', 'saint pierre du perray', 48.60581261363636, 2.51104386363636),
(35259, '91', '91577', '91250', 'Saintry-sur-Seine', 'saintry sur seine', 48.59307250000000, 2.49568125000000),
(35260, '91', '91578', '91910', 'Saint-Sulpice-de-Favières', 'saint sulpice de favieres', 48.53683324675324, 2.17750532467532),
(35261, '91', '91579', '91770', 'Saint-Vrain', 'saint vrain', 48.53228016949152, 2.32684974576271),
(35262, '91', '91581', '91650', 'Saint-Yon', 'saint yon', 48.56039763888888, 2.18921541666667),
(35263, '91', '91587', '91160', 'Saulx-les-Chartreux', 'saulx les chartreux', 48.68950492063493, 2.26766809523810),
(35264, '91', '91589', '91600', 'Savigny-sur-Orge', 'savigny sur orge', 48.68319721518986, 2.35033189873418),
(35265, '91', '91593', '91530', 'Sermaise', 'sermaise', 48.53053582417583, 2.09173824175824),
(35266, '91', '91599', '91840', 'Soisy-sur-École', 'soisy sur ecole', 48.47935292134834, 2.47883685393258),
(35267, '91', '91600', '91450', 'Soisy-sur-Seine', 'soisy sur seine', 48.66095882352941, 2.46874705882353),
(35268, '91', '91602', '91580', 'Souzy-la-Briche', 'souzy la briche', 48.52875600000000, 2.14733042857143),
(35269, '91', '91613', '91740', 'Congerville-Thionville', 'congerville thionville', 48.37794873684211, 1.99046831578947),
(35270, '91', '91617', '91250', 'Tigery', 'tigery', 48.64414901639344, 2.52364655737705),
(35271, '91', '91619', '91730', 'Torfou', 'torfou', 48.53072166666669, 2.23571312500000),
(35272, '91', '91629', '91720', 'Valpuiseaux', 'valpuiseaux', 48.39232019801979, 2.30200762376238),
(35273, '91', '91630', '91530', 'Le Val-Saint-Germain', 'le val saint germain', 48.57181152380952, 2.08067447619048),
(35274, '91', '91631', '91480', 'Varennes-Jarcy', 'varennes jarcy', 48.67892219178081, 2.56174000000000),
(35275, '91', '91634', '91640', 'Vaugrigneuse', 'vaugrigneuse', 48.60037811320754, 2.10366641509434),
(35276, '91', '91635', '91430', 'Vauhallan', 'vauhallan', 48.73225630434783, 2.20277021739130),
(35277, '91', '91639', '91820', 'Vayres-sur-Essonne', 'vayres sur essonne', 48.43533990740738, 2.35163712962963),
(35278, '91', '91645', '91370', 'Verrières-le-Buisson', 'verrieres le buisson', 48.74757421052630, 2.25380622807018),
(35279, '91', '91648', '91810', 'Vert-le-Grand', 'vert le grand', 48.58649755555554, 2.36576000000000),
(35280, '91', '91649', '91710', 'Vert-le-Petit', 'vert le petit', 48.55092873417722, 2.36974379746836),
(35281, '91', '91654', '91890', 'Videlles', 'videlles', 48.46739602739726, 2.41998273972603),
(35282, '91', '91657', '91270', 'Vigneux-sur-Seine', 'vigneux sur seine', 48.70444508196722, 2.43404459016393),
(35283, '91', '91659', '91100', 'Villabé', 'villabe', 48.58504062500000, 2.45577887500000),
(35284, '91', '91661', '91140', 'Villebon-sur-Yvette', 'villebon sur yvette', 48.69790546874999, 2.23696960937500),
(35285, '91', '91662', '91580', 'Villeconin', 'villeconin', 48.49822432432433, 2.12609927927928),
(35286, '91', '91665', '91620', 'La Ville-du-Bois', 'la ville du bois', 48.66038896551724, 2.26175965517241),
(35287, '91', '91666', '91140', 'Villejust', 'villejust', 48.67857797297299, 2.22279500000000),
(35288, '91', '91667', '91360', 'Villemoisson-sur-Orge', 'villemoisson sur orge', 48.66335764705882, 2.32796058823529),
(35289, '91', '91671', '91580', 'Villeneuve-sur-Auvers', 'villeneuve sur auvers', 48.46827089887640, 2.25715595505618),
(35290, '91', '91679', '91190', 'Villiers-le-Bâcle', 'villiers le bacle', 48.72677303797468, 2.11960481012658),
(35291, '91', '91685', '91700', 'Villiers-sur-Orge', 'villiers sur orge', 48.65762187500000, 2.29865156250000);
INSERT INTO `cities` (`id`, `department_code`, `insee_code`, `zip_code`, `name`, `slug`, `gps_lat`, `gps_lng`) VALUES
(35292, '91', '91687', '91170', 'Viry-Châtillon', 'viry chatillon', 48.66945901960784, 2.36925039215686),
(35293, '91', '91689', '91320', 'Wissous', 'wissous', 48.73321333333333, 2.32938098765432),
(35294, '91', '91691', '91330', 'Yerres', 'yerres', 48.71321156250000, 2.49039822916667),
(35295, '91', '91692', '91940', 'Les Ulis', 'les ulis', 48.68162827868854, 2.18300188524590),
(35296, '92', '92002', '92160', 'Antony', 'antony', 48.74945257425741, 2.29933831683168),
(35297, '92', '92004', '92600', 'Asnières-sur-Seine', 'asnieres sur seine', 48.91662739999999, 2.28671180000000),
(35298, '92', '92007', '92220', 'Bagneux', 'bagneux', 48.80046534883721, 2.31185627906977),
(35299, '92', '92009', '92270', 'Bois-Colombes', 'bois colombes', 48.91542727272726, 2.26556060606061),
(35300, '92', '92012', '92100', 'Boulogne-Billancourt', 'boulogne billancourt', 48.83447676470589, 2.23801470588235),
(35301, '92', '92014', '92340', 'Bourg-la-Reine', 'bourg la reine', 48.78099642857142, 2.31795607142857),
(35302, '92', '92019', '92290', 'Châtenay-Malabry', 'chatenay malabry', 48.77128801886792, 2.25978990566038),
(35303, '92', '92020', '92320', 'Châtillon', 'chatillon', 48.80258666666666, 2.28596705882353),
(35304, '92', '92022', '92370', 'Chaville', 'chaville', 48.80975673076924, 2.19121211538462),
(35305, '92', '92023', '92140', 'Clamart', 'clamart', 48.79878055045872, 2.25256733944954),
(35306, '92', '92024', '92110', 'Clichy', 'clichy', 48.90526777777777, 2.30929888888889),
(35307, '92', '92025', '92700', 'Colombes', 'colombes', 48.92213134615386, 2.25150673076923),
(35308, '92', '92026', '92400', 'Courbevoie', 'courbevoie', 48.90065025000000, 2.25802200000000),
(35309, '92', '92032', '92260', 'Fontenay-aux-Roses', 'fontenay aux roses', 48.78990673469389, 2.28269224489796),
(35310, '92', '92033', '92380', 'Garches', 'garches', 48.84651302325580, 2.18706860465116),
(35311, '92', '92035', '92250', 'La Garenne-Colombes', 'la garenne colombes', 48.90713500000000, 2.24777800000000),
(35312, '92', '92036', '92230', 'Gennevilliers', 'gennevilliers', 48.93253964285715, 2.29066803571429),
(35313, '92', '92040', '92130', 'Issy-les-Moulineaux', 'issy les moulineaux', 48.82211984615387, 2.26478861538462),
(35314, '92', '92044', '92300', 'Levallois-Perret', 'levallois perret', 48.89515700000000, 2.28620200000000),
(35315, '92', '92046', '92240', 'Malakoff', 'malakoff', 48.81346400000000, 2.29033560000000),
(35316, '92', '92047', '92430', 'Marnes-la-Coquette', 'marnes la coquette', 48.82902472222221, 2.16663694444445),
(35317, '92', '92048', '92190', 'Meudon', 'meudon', 48.81311450000000, 2.23439750000000),
(35318, '92', '92048', '92360', 'Meudon', 'meudon', 48.79324250000000, 2.22164480000000),
(35319, '92', '92049', '92120', 'Montrouge', 'montrouge', 48.81344454545455, 2.31801090909091),
(35320, '92', '92050', '92000', 'Nanterre', 'nanterre', 48.89624622641509, 2.21393811320755),
(35321, '92', '92051', '92200', 'Neuilly-sur-Seine', 'neuilly sur seine', 48.88459500000000, 2.26169550000000),
(35322, '92', '92060', '92350', 'Le Plessis-Robinson', 'le plessis robinson', 48.77915202380952, 2.26142154761905),
(35323, '92', '92062', '92800', 'Puteaux', 'puteaux', 48.88458666666666, 2.23583151515152),
(35324, '92', '92063', '92500', 'Rueil-Malmaison', 'rueil malmaison', 48.86570373493975, 2.17676903614458),
(35325, '92', '92064', '92210', 'Saint-Cloud', 'saint cloud', 48.84132151515151, 2.20578333333333),
(35326, '92', '92071', '92330', 'Sceaux', 'sceaux', 48.77759333333331, 2.29410142857143),
(35327, '92', '92072', '92310', 'Sèvres', 'sevres', 48.82167465116280, 2.20987151162791),
(35328, '92', '92073', '92150', 'Suresnes', 'suresnes', 48.87027813953488, 2.21604604651163),
(35329, '92', '92075', '92170', 'Vanves', 'vanves', 48.82131096774194, 2.28284354838710),
(35330, '92', '92076', '92420', 'Vaucresson', 'vaucresson', 48.84119928571429, 2.16088500000000),
(35331, '92', '92077', '92410', 'Ville-d\'Avray', 'ville d avray', 48.82247345454546, 2.17725418181818),
(35332, '92', '92078', '92390', 'Villeneuve-la-Garenne', 'villeneuve la garenne', 48.93648041666666, 2.32374125000000),
(35333, '93', '93001', '93300', 'Aubervilliers', 'aubervilliers', 48.91765413793105, 2.38763913793103),
(35334, '93', '93005', '93600', 'Aulnay-sous-Bois', 'aulnay sous bois', 48.94154274809164, 2.49535091603053),
(35335, '93', '93006', '93170', 'Bagnolet', 'bagnolet', 48.86894805555554, 2.42650472222222),
(35336, '93', '93007', '93150', 'Le Blanc-Mesnil', 'le blanc mesnil', 48.93694636363635, 2.46219645454545),
(35337, '93', '93008', '93000', 'Bobigny', 'bobigny', 48.91076557377051, 2.44715344262295),
(35338, '93', '93010', '93140', 'Bondy', 'bondy', 48.90384434210527, 2.48625842105263),
(35339, '93', '93013', '93350', 'Le Bourget', 'le bourget', 48.93678173913043, 2.42620195652174),
(35340, '93', '93014', '93390', 'Clichy-sous-Bois', 'clichy sous bois', 48.90831220000000, 2.54280940000000),
(35341, '93', '93015', '93470', 'Coubron', 'coubron', 48.91953213114753, 2.57905836065574),
(35342, '93', '93027', '93120', 'La Courneuve', 'la courneuve', 48.93235752688172, 2.40070247311828),
(35343, '93', '93029', '93700', 'Drancy', 'drancy', 48.92382297619049, 2.45382821428572),
(35344, '93', '93030', '93440', 'Dugny', 'dugny', 48.95305608108109, 2.42423121621622),
(35345, '93', '93031', '93800', 'Épinay-sur-Seine', 'epinay sur seine', 48.95281024390244, 2.32321975609756),
(35346, '93', '93032', '93220', 'Gagny', 'gagny', 48.88299242718445, 2.54676679611650),
(35347, '93', '93033', '93460', 'Gournay-sur-Marne', 'gournay sur marne', 48.86190241379311, 2.57418551724138),
(35348, '93', '93039', '93450', 'L\'Île-Saint-Denis', 'l ile saint denis', 48.93743657142858, 2.32493857142857),
(35349, '93', '93045', '93260', 'Les Lilas', 'les lilas', 48.88399434782609, 2.42133195652174),
(35350, '93', '93046', '93190', 'Livry-Gargan', 'livry gargan', 48.92033378378380, 2.53495090090090),
(35351, '93', '93047', '93370', 'Montfermeil', 'montfermeil', 48.89529913043480, 2.56728163043478),
(35352, '93', '93048', '93100', 'Montreuil', 'montreuil', 48.86430191489363, 2.45081031914894),
(35353, '93', '93049', '93360', 'Neuilly-Plaisance', 'neuilly plaisance', 48.86486195121952, 2.51272634146341),
(35354, '93', '93050', '93330', 'Neuilly-sur-Marne', 'neuilly sur marne', 48.86526206896551, 2.53672183908046),
(35355, '93', '93051', '93160', 'Noisy-le-Grand', 'noisy le grand', 48.83600000000001, 2.56563018348624),
(35356, '93', '93053', '93130', 'Noisy-le-Sec', 'noisy le sec', 48.88746432098765, 2.45495283950617),
(35357, '93', '93055', '93500', 'Pantin', 'pantin', 48.89756878787878, 2.41268166666667),
(35358, '93', '93057', '93320', 'Les Pavillons-sous-Bois', 'les pavillons sous bois', 48.90545784313725, 2.50152980392157),
(35359, '93', '93059', '93380', 'Pierrefitte-sur-Seine', 'pierrefitte sur seine', 48.95910326923078, 2.35926788461538),
(35360, '93', '93061', '93310', 'Le Pré-Saint-Gervais', 'le pre saint gervais', 48.88463720000001, 2.40743600000000),
(35361, '93', '93062', '93340', 'Le Raincy', 'le raincy', 48.89669500000001, 2.51919722222222),
(35362, '93', '93063', '93230', 'Romainville', 'romainville', 48.88417932584269, 2.44036191011236),
(35363, '93', '93064', '93110', 'Rosny-sous-Bois', 'rosny sous bois', 48.87378906666667, 2.48674706666667),
(35364, '93', '93066', '93200', 'Saint-Denis', 'saint denis', 48.93155230000000, 2.35632780000000),
(35365, '93', '93066', '93210', 'Saint-Denis', 'saint denis', 48.91388329999999, 2.35767660000000),
(35366, '93', '93070', '93400', 'Saint-Ouen', 'saint ouen', 48.91191033333335, 2.33308733333333),
(35367, '93', '93071', '93270', 'Sevran', 'sevran', 48.93684736842103, 2.52817421052632),
(35368, '93', '93072', '93240', 'Stains', 'stains', 48.95270319999999, 2.39110933333333),
(35369, '93', '93073', '93290', 'Tremblay-en-France', 'tremblay en france', 48.97638113095239, 2.55445732142857),
(35370, '93', '93074', '93410', 'Vaujours', 'vaujours', 48.93275253164556, 2.58114911392405),
(35371, '93', '93077', '93250', 'Villemomble', 'villemomble', 48.88461440000001, 2.50902866666667),
(35372, '93', '93078', '93420', 'Villepinte', 'villepinte', 48.95807417582416, 2.53635131868132),
(35373, '93', '93079', '93430', 'Villetaneuse', 'villetaneuse', 48.95996583333334, 2.34719555555556),
(35374, '94', '94001', '94480', 'Ablon-sur-Seine', 'ablon sur seine', 48.72588714285714, 2.42129333333333),
(35375, '94', '94002', '94140', 'Alfortville', 'alfortville', 48.79424000000000, 2.42026171428572),
(35376, '94', '94003', '94110', 'Arcueil', 'arcueil', 48.80528682539681, 2.33415079365080),
(35377, '94', '94004', '94470', 'Boissy-Saint-Léger', 'boissy saint leger', 48.75044906976746, 2.51939209302326),
(35378, '94', '94011', '94380', 'Bonneuil-sur-Marne', 'bonneuil sur marne', 48.77450277777777, 2.48876777777778),
(35379, '94', '94015', '94360', 'Bry-sur-Marne', 'bry sur marne', 48.83685129629630, 2.52220851851852),
(35380, '94', '94016', '94230', 'Cachan', 'cachan', 48.78977475000001, 2.33297375000000),
(35381, '94', '94017', '94500', 'Champigny-sur-Marne', 'champigny sur marne', 48.81618339999998, 2.52496560000000),
(35382, '94', '94018', '94220', 'Charenton-le-Pont', 'charenton le pont', 48.82204111111111, 2.40846777777778),
(35383, '94', '94019', '94430', 'Chennevières-sur-Marne', 'chennevieres sur marne', 48.79810647887324, 2.53871352112676),
(35384, '94', '94021', '94550', 'Chevilly-Larue', 'chevilly larue', 48.76561760000001, 2.34595240000000),
(35385, '94', '94022', '94600', 'Choisy-le-Roi', 'choisy le roi', 48.76540465517245, 2.42203344827586),
(35386, '94', '94028', '94000', 'Créteil', 'creteil', 48.78098638297872, 2.45464180851064),
(35387, '94', '94033', '94120', 'Fontenay-sous-Bois', 'fontenay sous bois', 48.85095750000000, 2.47537625000000),
(35388, '94', '94034', '94260', 'Fresnes', 'fresnes', 48.75766596774194, 2.32520887096774),
(35389, '94', '94037', '94250', 'Gentilly', 'gentilly', 48.81263411764706, 2.34224588235294),
(35390, '94', '94038', '94240', 'L\'Haÿ-les-Roses', 'l hay les roses', 48.77668384615384, 2.33762961538462),
(35391, '94', '94041', '94200', 'Ivry-sur-Seine', 'ivry sur seine', 48.80877620000003, 2.38732000000000),
(35392, '94', '94042', '94340', 'Joinville-le-Pont', 'joinville le pont', 48.81852297872342, 2.46838234042553),
(35393, '94', '94043', '94270', 'Le Kremlin-Bicêtre', 'le kremlin bicetre', 48.80799340909090, 2.35684454545455),
(35394, '94', '94044', '94450', 'Limeil-Brévannes', 'limeil brevannes', 48.74641303571428, 2.49129767857143),
(35395, '94', '94046', '94700', 'Maisons-Alfort', 'maisons alfort', 48.80535883720928, 2.44167162790698),
(35396, '94', '94047', '94520', 'Mandres-les-Roses', 'mandres les roses', 48.70707861538460, 2.54706276923077),
(35397, '94', '94048', '94440', 'Marolles-en-Brie', 'marolles en brie', 48.73833295454547, 2.55404227272727),
(35398, '94', '94052', '94130', 'Nogent-sur-Marne', 'nogent sur marne', 48.83654240000001, 2.47690320000000),
(35399, '94', '94053', '94880', 'Noiseau', 'noiseau', 48.77420786885246, 2.55670475409836),
(35400, '94', '94054', '94310', 'Orly', 'orly', 48.74261685714286, 2.40023200000000),
(35401, '94', '94055', '94490', 'Ormesson-sur-Marne', 'ormesson sur marne', 48.78572218181818, 2.53887454545454),
(35402, '94', '94056', '94520', 'Périgny', 'perigny', 48.69603464285716, 2.55831178571429),
(35403, '94', '94058', '94170', 'Le Perreux-sur-Marne', 'le perreux sur marne', 48.84388404761904, 2.50614023809524),
(35404, '94', '94059', '94420', 'Le Plessis-Trévise', 'le plessis trevise', 48.80743187500000, 2.57303333333333),
(35405, '94', '94060', '94510', 'La Queue-en-Brie', 'la queue en brie', 48.77655179245280, 2.58620226415094),
(35406, '94', '94065', '94150', 'Rungis', 'rungis', 48.74932600000000, 2.34637377777778),
(35407, '94', '94067', '94160', 'Saint-Mandé', 'saint mande', 48.84107608695653, 2.41990086956522),
(35408, '94', '94068', '94100', 'Saint-Maur-des-Fossés', 'saint maur des fosses', 48.79804220000000, 2.48008620000000),
(35409, '94', '94068', '94210', 'Saint-Maur-des-Fossés', 'saint maur des fosses', 48.79731380000000, 2.51378750000000),
(35410, '94', '94069', '94410', 'Saint-Maurice', 'saint maurice', 48.81825951219511, 2.44028048780488),
(35411, '94', '94070', '94440', 'Santeny', 'santeny', 48.73056060000001, 2.57698830000000),
(35412, '94', '94071', '94370', 'Sucy-en-Brie', 'sucy en brie', 48.76892872340424, 2.53322074468085),
(35413, '94', '94073', '94320', 'Thiais', 'thiais', 48.76041069767442, 2.38710906976744),
(35414, '94', '94074', '94460', 'Valenton', 'valenton', 48.75098696202532, 2.46048177215190),
(35415, '94', '94075', '94440', 'Villecresnes', 'villecresnes', 48.71877140624999, 2.53493343750000),
(35416, '94', '94076', '94800', 'Villejuif', 'villejuif', 48.79371447761196, 2.35819104477612),
(35417, '94', '94077', '94290', 'Villeneuve-le-Roi', 'villeneuve le roi', 48.73188198019804, 2.41047089108911),
(35418, '94', '94078', '94190', 'Villeneuve-Saint-Georges', 'villeneuve saint georges', 48.73486612612612, 2.45187837837838),
(35419, '94', '94079', '94350', 'Villiers-sur-Marne', 'villiers sur marne', 48.82505538461535, 2.54382830769231),
(35420, '94', '94080', '94300', 'Vincennes', 'vincennes', 48.84797953488372, 2.44115906976744),
(35421, '94', '94081', '94400', 'Vitry-sur-Seine', 'vitry sur seine', 48.79049743589744, 2.39055551282051),
(35422, '95', '95002', '95450', 'Ableiges', 'ableiges', 49.08820796116506, 1.97821854368932),
(35423, '95', '95008', '95510', 'Aincourt', 'aincourt', 49.07153802469138, 1.77216061728395),
(35424, '95', '95011', '95420', 'Ambleville', 'ambleville', 49.15071700000000, 1.69743600000000),
(35425, '95', '95011', '95710', 'Ambleville', 'ambleville', 49.15071700000000, 1.69743600000000),
(35426, '95', '95012', '95510', 'Amenucourt', 'amenucourt', 49.10478404255319, 1.63849276595745),
(35427, '95', '95014', '95580', 'Andilly', 'andilly', 49.00981661538462, 2.30181461538462),
(35428, '95', '95018', '95100', 'Argenteuil', 'argenteuil', 48.95465646464645, 2.24337979797980),
(35429, '95', '95019', '95400', 'Arnouville', 'arnouville', 48.98569372881357, 2.41569694915254),
(35430, '95', '95023', '95810', 'Arronville', 'arronville', 49.17632557522122, 2.11747362831858),
(35431, '95', '95024', '95420', 'Arthies', 'arthies', 49.09017145161290, 1.79898758064516),
(35432, '95', '95026', '95270', 'Asnières-sur-Oise', 'asnieres sur oise', 49.14326164062503, 2.38108609375000),
(35433, '95', '95028', '95570', 'Attainville', 'attainville', 49.06214466666667, 2.34589066666667),
(35434, '95', '95039', '95430', 'Auvers-sur-Oise', 'auvers sur oise', 49.08044467391304, 2.14982347826087),
(35435, '95', '95040', '95450', 'Avernes', 'avernes', 49.08904718749999, 1.86405375000000),
(35436, '95', '95042', '95560', 'Baillet-en-France', 'baillet en france', 49.05905097560975, 2.29725292682927),
(35437, '95', '95046', '95420', 'Banthelu', 'banthelu', 49.12842521126760, 1.81576281690141),
(35438, '95', '95051', '95250', 'Beauchamp', 'beauchamp', 49.01519947368422, 2.19482842105263),
(35439, '95', '95052', '95260', 'Beaumont-sur-Oise', 'beaumont sur oise', 49.13973205128207, 2.29841500000000),
(35440, '95', '95054', '95750', 'Le Bellay-en-Vexin', 'le bellay en vexin', 49.15075298245614, 1.88157298245614),
(35441, '95', '95055', '95270', 'Bellefontaine', 'bellefontaine', 49.09250261682241, 2.46769579439252),
(35442, '95', '95056', '95270', 'Belloy-en-France', 'belloy en france', 49.09204896551724, 2.36746500000000),
(35443, '95', '95058', '95340', 'Bernes-sur-Oise', 'bernes sur oise', 49.16847052631577, 2.30079859649123),
(35444, '95', '95059', '95810', 'Berville', 'berville', 49.19440052631580, 2.07028934210526),
(35445, '95', '95060', '95550', 'Bessancourt', 'bessancourt', 49.04060627118643, 2.20444966101695),
(35446, '95', '95061', '95840', 'Béthemont-la-Forêt', 'bethemont la foret', 49.05815137931035, 2.24960086206897),
(35447, '95', '95063', '95870', 'Bezons', 'bezons', 48.93060576923078, 2.20877615384615),
(35448, '95', '95074', '95000', 'Boisemont', 'boisemont', 49.01880962962963, 2.00470370370370),
(35449, '95', '95078', '95650', 'Boissy-l\'Aillerie', 'boissy l aillerie', 49.08100233333335, 2.03076033333333),
(35450, '95', '95088', '95500', 'Bonneuil-en-France', 'bonneuil en france', 48.96476151898735, 2.43140113924051),
(35451, '95', '95091', '95570', 'Bouffémont', 'bouffemont', 49.04182057692307, 2.29859269230769),
(35452, '95', '95094', '95720', 'Bouqueval', 'bouqueval', 49.02195098039216, 2.42666666666667),
(35453, '95', '95101', '95710', 'Bray-et-Lû', 'bray et lu', 49.14250318681319, 1.66462395604396),
(35454, '95', '95102', '95640', 'Bréançon', 'breancon', 49.15153387096774, 2.02447731182796),
(35455, '95', '95110', '95640', 'Brignancourt', 'brignancourt', 49.14031262295082, 1.94244245901639),
(35456, '95', '95116', '95820', 'Bruyères-sur-Oise', 'bruyeres sur oise', 49.16287082191781, 2.32870260273973),
(35457, '95', '95119', '95770', 'Buhy', 'buhy', 49.19013239130433, 1.70626586956522),
(35458, '95', '95120', '95430', 'Butry-sur-Oise', 'butry sur oise', 49.08484682926829, 2.19002170731707),
(35459, '95', '95127', '95000', 'Cergy', 'cergy', 49.03316710000000, 2.05472220000000),
(35460, '95', '95127', '95800', 'Cergy', 'cergy', 49.04898990000000, 2.01653130000000),
(35461, '95', '95134', '95660', 'Champagne-sur-Oise', 'champagne sur oise', 49.14195443181818, 2.22480125000000),
(35462, '95', '95139', '95420', 'La Chapelle-en-Vexin', 'la chapelle en vexin', 49.18450599999999, 1.72413400000000),
(35463, '95', '95141', '95420', 'Charmont', 'charmont', 49.13696213483146, 1.78629404494382),
(35464, '95', '95142', '95750', 'Chars', 'chars', 49.15790000000001, 1.93178507352941),
(35465, '95', '95144', '95190', 'Châtenay-en-France', 'chatenay en france', 49.06705557692308, 2.45854538461538),
(35466, '95', '95149', '95270', 'Chaumontel', 'chaumontel', 49.12701545454546, 2.43264480519480),
(35467, '95', '95150', '95710', 'Chaussy', 'chaussy', 49.11465220779220, 1.69807922077922),
(35468, '95', '95151', '95560', 'Chauvry', 'chauvry', 49.05888611111110, 2.26912375000000),
(35469, '95', '95154', '95380', 'Chennevières-lès-Louvres', 'chennevieres les louvres', 49.04205108333331, 2.54821850000000),
(35470, '95', '95157', '95510', 'Chérence', 'cherence', 49.09009731343284, 1.68568313432836),
(35471, '95', '95166', '95420', 'Cléry-en-Vexin', 'clery en vexin', 49.13013826923078, 1.84388211538462),
(35472, '95', '95169', '95450', 'Commeny', 'commeny', 49.12898943661970, 1.89022380281690),
(35473, '95', '95170', '95450', 'Condécourt', 'condecourt', 49.03787859154928, 1.93904098591549),
(35474, '95', '95176', '95240', 'Cormeilles-en-Parisis', 'cormeilles en parisis', 48.97191252252250, 2.20147756756757),
(35475, '95', '95177', '95830', 'Cormeilles-en-Vexin', 'cormeilles en vexin', 49.11261931818182, 2.01605806818182),
(35476, '95', '95181', '95650', 'Courcelles-sur-Viosne', 'courcelles sur viosne', 49.07500826923076, 2.00219403846154),
(35477, '95', '95183', '95800', 'Courdimanche', 'courdimanche', 49.03937147540985, 1.99825459016393),
(35478, '95', '95197', '95170', 'Deuil-la-Barre', 'deuil la barre', 48.97233593750000, 2.32881765625000),
(35479, '95', '95199', '95330', 'Domont', 'domont', 49.02871625000000, 2.32402739583333),
(35480, '95', '95203', '95600', 'Eaubonne', 'eaubonne', 48.99077588235294, 2.27815338235294),
(35481, '95', '95205', '95440', 'Écouen', 'ecouen', 49.02253925373134, 2.38073104477612),
(35482, '95', '95210', '95880', 'Enghien-les-Bains', 'enghien les bains', 48.96999702702703, 2.30270351351351),
(35483, '95', '95211', '95300', 'Ennery', 'ennery', 49.07321057471265, 2.10832597701149),
(35484, '95', '95212', '95380', 'Épiais-lès-Louvres', 'epiais les louvres', 49.03266831325301, 2.54988000000000),
(35485, '95', '95213', '95810', 'Épiais-Rhus', 'epiais rhus', 49.12847237037036, 2.07430429629630),
(35486, '95', '95214', '95270', 'Épinay-Champlâtreux', 'epinay champlatreux', 49.09099160000002, 2.40898740000000),
(35487, '95', '95218', '95610', 'Éragny', 'eragny', 49.02149823529412, 2.09999529411765),
(35488, '95', '95219', '95120', 'Ermont', 'ermont', 48.98723271186442, 2.25881338983051),
(35489, '95', '95229', '95460', 'Ézanville', 'ezanville', 49.03582729166667, 2.36235520833333),
(35490, '95', '95241', '95190', 'Fontenay-en-Parisis', 'fontenay en parisis', 49.04739280898877, 2.45446213483146),
(35491, '95', '95250', '95470', 'Fosses', 'fosses', 49.09863789473684, 2.49787157894737),
(35492, '95', '95252', '95130', 'Franconville', 'franconville', 48.98359014084506, 2.22323112676056),
(35493, '95', '95253', '95450', 'Frémainville', 'fremainville', 49.06493582278481, 1.86705329113924),
(35494, '95', '95254', '95830', 'Frémécourt', 'fremecourt', 49.12196437500000, 1.99454687500000),
(35495, '95', '95256', '95740', 'Frépillon', 'frepillon', 49.04896902439026, 2.19942073170732),
(35496, '95', '95257', '95530', 'La Frette-sur-Seine', 'la frette sur seine', 48.97279851063831, 2.17884404255319),
(35497, '95', '95258', '95690', 'Frouville', 'frouville', 49.15462839506172, 2.14963962962963),
(35498, '95', '95268', '95140', 'Garges-lès-Gonesse', 'garges les gonesse', 48.97020842105265, 2.41119578947368),
(35499, '95', '95270', '95420', 'Genainville', 'genainville', 49.12055698924732, 1.75348612903226),
(35500, '95', '95271', '95650', 'Génicourt', 'genicourt', 49.09656296296296, 2.06099740740741),
(35501, '95', '95277', '95500', 'Gonesse', 'gonesse', 48.98830310344827, 2.45850250000000),
(35502, '95', '95280', '95190', 'Goussainville', 'goussainville', 49.02880990654208, 2.47002607476636),
(35503, '95', '95282', '95450', 'Gouzangrez', 'gouzangrez', 49.11457818181818, 1.91008090909091),
(35504, '95', '95287', '95810', 'Grisy-les-Plâtres', 'grisy les platres', 49.12983972972974, 2.05269945945946),
(35505, '95', '95288', '95410', 'Groslay', 'groslay', 48.98515620689655, 2.34862224137931),
(35506, '95', '95295', '95450', 'Guiry-en-Vexin', 'guiry en vexin', 49.11566636363636, 1.85267712121212),
(35507, '95', '95298', '95640', 'Haravilliers', 'haravilliers', 49.17370432098766, 2.03516098765432),
(35508, '95', '95301', '95780', 'Haute-Isle', 'haute isle', 49.08442452830188, 1.66060075471698),
(35509, '95', '95303', '95640', 'Le Heaulme', 'le heaulme', 49.16624604166668, 1.99692729166667),
(35510, '95', '95304', '95690', 'Hédouville', 'hedouville', 49.15889397959184, 2.17723408163265),
(35511, '95', '95306', '95220', 'Herblay', 'herblay', 48.99917055555554, 2.15650763888889),
(35512, '95', '95308', '95300', 'Hérouville-en-Vexin', 'herouville en vexin', 49.10231623188406, 2.12852463768116),
(35513, '95', '95309', '95420', 'Hodent', 'hodent', 49.14240807692310, 1.76605692307692),
(35514, '95', '95313', '95290', 'L\'Isle-Adam', 'l isle adam', 49.11147647058826, 2.24040784313725),
(35515, '95', '95316', '95850', 'Jagny-sous-Bois', 'jagny sous bois', 49.08316981481481, 2.44469157407407),
(35516, '95', '95323', '95280', 'Jouy-le-Moutier', 'jouy le moutier', 49.01161250000001, 2.03159365384615),
(35517, '95', '95328', '95690', 'Labbeville', 'labbeville', 49.13983807692308, 2.13151990384615),
(35518, '95', '95331', '95270', 'Lassy', 'lassy', 49.09393666666666, 2.43724095238095),
(35519, '95', '95341', '95300', 'Livilliers', 'livilliers', 49.09981838235294, 2.09118264705882),
(35520, '95', '95348', '95450', 'Longuesse', 'longuesse', 49.06234465116279, 1.92992302325581),
(35521, '95', '95351', '95380', 'Louvres', 'louvres', 49.04056463917524, 2.49906164948454),
(35522, '95', '95352', '95270', 'Luzarches', 'luzarches', 49.11622376288661, 2.43130639175258),
(35523, '95', '95353', '95560', 'Maffliers', 'maffliers', 49.08416968000000, 2.31226384000000),
(35524, '95', '95355', '95420', 'Magny-en-Vexin', 'magny en vexin', 49.16207476190476, 1.80529564625850),
(35525, '95', '95365', '95850', 'Mareil-en-France', 'mareil en france', 49.07280938775509, 2.42169571428571),
(35526, '95', '95369', '95580', 'Margency', 'margency', 49.00180222222222, 2.28816481481481),
(35527, '95', '95370', '95640', 'Marines', 'marines', 49.15088707964600, 1.98396893805310),
(35528, '95', '95371', '95670', 'Marly-la-Ville', 'marly la ville', 49.08478293103448, 2.50235362068966),
(35529, '95', '95379', '95420', 'Maudétour-en-Vexin', 'maudetour en vexin', 49.11218607142856, 1.77580892857143),
(35530, '95', '95387', '95810', 'Menouville', 'menouville', 49.15312788461540, 2.10986442307692),
(35531, '95', '95388', '95180', 'Menucourt', 'menucourt', 49.02763608695650, 1.97606804347826),
(35532, '95', '95392', '95630', 'Mériel', 'meriel', 49.07733312500000, 2.21302166666667),
(35533, '95', '95394', '95540', 'Méry-sur-Oise', 'mery sur oise', 49.05484739583332, 2.17219968750000),
(35534, '95', '95395', '95720', 'Le Mesnil-Aubry', 'le mesnil aubry', 49.05158025641025, 2.39400282051282),
(35535, '95', '95409', '95570', 'Moisselles', 'moisselles', 49.04758863636363, 2.33533750000000),
(35536, '95', '95422', '95650', 'Montgeroult', 'montgeroult', 49.08752646341463, 2.00639097560976),
(35537, '95', '95424', '95370', 'Montigny-lès-Cormeilles', 'montigny les cormeilles', 48.99000339622641, 2.18957037735849),
(35538, '95', '95426', '95680', 'Montlignon', 'montlignon', 49.01382416666665, 2.28914650000000),
(35539, '95', '95427', '95360', 'Montmagny', 'montmagny', 48.96861208955223, 2.34353268656716),
(35540, '95', '95428', '95160', 'Montmorency', 'montmorency', 48.99314542857142, 2.32032247619048),
(35541, '95', '95429', '95770', 'Montreuil-sur-Epte', 'montreuil sur epte', 49.17146252525254, 1.68361969696970),
(35542, '95', '95430', '95560', 'Montsoult', 'montsoult', 49.07253041237116, 2.30052628865979),
(35543, '95', '95436', '95260', 'Mours', 'mours', 49.12953068493150, 2.26029000000000),
(35544, '95', '95438', '95640', 'Moussy', 'moussy', 49.13484349206348, 1.90671873015873),
(35545, '95', '95445', '95590', 'Nerville-la-Forêt', 'nerville la foret', 49.09026500000000, 2.28430653846154),
(35546, '95', '95446', '95690', 'Nesles-la-Vallée', 'nesles la vallee', 49.12898566433564, 2.17554230769231),
(35547, '95', '95447', '95640', 'Neuilly-en-Vexin', 'neuilly en vexin', 49.17337241379310, 1.98349948275862),
(35548, '95', '95450', '95000', 'Neuville-sur-Oise', 'neuville sur oise', 49.01726717391306, 2.06489478260870),
(35549, '95', '95452', '95590', 'Nointel', 'nointel', 49.13067302325582, 2.28983000000000),
(35550, '95', '95456', '95270', 'Noisy-sur-Oise', 'noisy sur oise', 49.13803739130435, 2.32599043478261),
(35551, '95', '95459', '95420', 'Nucourt', 'nucourt', 49.16082133333335, 1.85425616666667),
(35552, '95', '95462', '95420', 'Omerville', 'omerville', 49.14135407766990, 1.72429902912621),
(35553, '95', '95476', '95520', 'Osny', 'osny', 49.06657884615384, 2.06488871794872),
(35554, '95', '95480', '95620', 'Parmain', 'parmain', 49.11840873134331, 2.19997537313433),
(35555, '95', '95483', '95450', 'Le Perchay', 'le perchay', 49.11845441176472, 1.92975588235294),
(35556, '95', '95487', '95340', 'Persan', 'persan', 49.15007058823529, 2.26727607843137),
(35557, '95', '95488', '95220', 'Pierrelaye', 'pierrelaye', 48.99614480000000, 2.14753570000000),
(35558, '95', '95488', '95480', 'Pierrelaye', 'pierrelaye', 49.02270670000000, 2.15471900000000),
(35559, '95', '95489', '95350', 'Piscop', 'piscop', 49.01721701492535, 2.34045895522388),
(35560, '95', '95491', '95130', 'Le Plessis-Bouchard', 'le plessis bouchard', 49.00450555555555, 2.23639222222222),
(35561, '95', '95492', '95720', 'Le Plessis-Gassot', 'le plessis gassot', 49.03420150000000, 2.41498900000000),
(35562, '95', '95493', '95270', 'Le Plessis-Luzarches', 'le plessis luzarches', 49.09511017543860, 2.45638561403509),
(35563, '95', '95500', '95000', 'Pontoise', 'pontoise', 49.03316710000000, 2.05472220000000),
(35564, '95', '95500', '95300', 'Pontoise', 'pontoise', 49.09290690000000, 2.10412480000000),
(35565, '95', '95504', '95590', 'Presles', 'presles', 49.10969400000001, 2.28782960000000),
(35566, '95', '95509', '95380', 'Puiseux-en-France', 'puiseux en france', 49.07070196428571, 2.48925750000000),
(35567, '95', '95510', '95650', 'Puiseux-Pontoise', 'puiseux pontoise', 49.06761573770492, 2.02058032786885),
(35568, '95', '95523', '95780', 'La Roche-Guyon', 'la roche guyon', 49.09188600000002, 1.63614873684211),
(35569, '95', '95527', '95700', 'Roissy-en-France', 'roissy en france', 49.00405851485150, 2.51842950495050),
(35570, '95', '95529', '95340', 'Ronquerolles', 'ronquerolles', 49.16940864406780, 2.20950898305085),
(35571, '95', '95535', '95450', 'Sagy', 'sagy', 49.05306962962963, 1.96434629629630),
(35572, '95', '95539', '95350', 'Saint-Brice-sous-Forêt', 'saint brice sous foret', 49.00286964705882, 2.34882564705882),
(35573, '95', '95541', '95770', 'Saint-Clair-sur-Epte', 'saint clair sur epte', 49.21169631249999, 1.69621618750000),
(35574, '95', '95543', '95510', 'Saint-Cyr-en-Arthies', 'saint cyr en arthies', 49.06104847457627, 1.74239932203390),
(35575, '95', '95554', '95420', 'Saint-Gervais', 'saint gervais', 49.16526240384615, 1.75908625000000),
(35576, '95', '95555', '95210', 'Saint-Gratien', 'saint gratien', 48.96939281249999, 2.28339703125000),
(35577, '95', '95563', '95320', 'Saint-Leu-la-Forêt', 'saint leu la foret', 49.02003440000001, 2.24609520000000),
(35578, '95', '95566', '95270', 'Saint-Martin-du-Tertre', 'saint martin du tertre', 49.09757347457624, 2.33562067796610),
(35579, '95', '95572', '95310', 'Saint-Ouen-l\'Aumône', 'saint ouen l aumone', 49.04754642857144, 2.13228757142857),
(35580, '95', '95574', '95390', 'Saint-Prix', 'saint prix', 49.01685919354839, 2.27306516129032),
(35581, '95', '95580', '95470', 'Saint-Witz', 'saint witz', 49.08577914285715, 2.55323380952381),
(35582, '95', '95582', '95110', 'Sannois', 'sannois', 48.97179847058822, 2.25404317647059),
(35583, '95', '95584', '95640', 'Santeuil', 'santeuil', 49.12846706521741, 1.95537695652174),
(35584, '95', '95585', '95200', 'Sarcelles', 'sarcelles', 48.99668307692307, 2.37979858974359),
(35585, '95', '95592', '95450', 'Seraincourt', 'seraincourt', 49.04083783505155, 1.87647092783505),
(35586, '95', '95594', '95270', 'Seugy', 'seugy', 49.12281095238095, 2.39360023809524),
(35587, '95', '95598', '95230', 'Soisy-sous-Montmorency', 'soisy sous montmorency', 48.98910777777778, 2.30312541666667),
(35588, '95', '95604', '95470', 'Survilliers', 'survilliers', 49.10571285714285, 2.54832971428571),
(35589, '95', '95607', '95150', 'Taverny', 'taverny', 49.03016242857144, 2.22522300000000),
(35590, '95', '95610', '95450', 'Théméricourt', 'themericourt', 49.08518132075472, 1.90090660377359),
(35591, '95', '95611', '95810', 'Theuville', 'theuville', 49.15490253521126, 2.06828633802817),
(35592, '95', '95612', '95500', 'Le Thillay', 'le thillay', 49.00429226415095, 2.46955830188679),
(35593, '95', '95625', '95450', 'Us', 'us', 49.10513978494624, 1.95814655913978),
(35594, '95', '95627', '95810', 'Vallangoujard', 'vallangoujard', 49.13628919191919, 2.10375383838384),
(35595, '95', '95628', '95760', 'Valmondois', 'valmondois', 49.09819428571428, 2.18757846153846),
(35596, '95', '95633', '95500', 'Vaudherland', 'vaudherland', 49.00095235294118, 2.48723647058824),
(35597, '95', '95637', '95490', 'Vauréal', 'vaureal', 49.03155282051283, 2.02903538461538),
(35598, '95', '95641', '95470', 'Vémars', 'vemars', 49.06109588709682, 2.56585250000000),
(35599, '95', '95651', '95510', 'Vétheuil', 'vetheuil', 49.06252573033707, 1.70746337078652),
(35600, '95', '95652', '95270', 'Viarmes', 'viarmes', 49.12372597938147, 2.38261082474227),
(35601, '95', '95656', '95510', 'Vienne-en-Arthies', 'vienne en arthies', 49.06675374999999, 1.72136475000000),
(35602, '95', '95658', '95450', 'Vigny', 'vigny', 49.07949877551022, 1.93307877551020),
(35603, '95', '95660', '95570', 'Villaines-sous-Bois', 'villaines sous bois', 49.07550363636363, 2.35301227272727),
(35604, '95', '95675', '95380', 'Villeron', 'villeron', 49.05584833333331, 2.53772488095238),
(35605, '95', '95676', '95510', 'Villers-en-Arthies', 'villers en arthies', 49.08014703125001, 1.73017500000000),
(35606, '95', '95678', '95840', 'Villiers-Adam', 'villiers adam', 49.06581656250000, 2.23847604166667),
(35607, '95', '95680', '95400', 'Villiers-le-Bel', 'villiers le bel', 49.00812831168833, 2.40212246753247),
(35608, '95', '95682', '95720', 'Villiers-le-Sec', 'villiers le sec', 49.07325222222224, 2.38618388888889),
(35609, '95', '95690', '95420', 'Wy-dit-Joli-Village', 'wy dit joli village', 49.09766507246376, 1.82626028985507);

--
-- Structure de la table `departments`
--

CREATE TABLE `departments` (
  `id` int(10) UNSIGNED NOT NULL,
  `region_code` varchar(3) COLLATE utf8mb4_unicode_ci NOT NULL,
  `code` varchar(3) COLLATE utf8mb4_unicode_ci NOT NULL,
  `name` varchar(255) COLLATE utf8mb4_unicode_ci NOT NULL,
  `slug` varchar(255) COLLATE utf8mb4_unicode_ci NOT NULL
) ENGINE=InnoDB DEFAULT CHARSET=utf8mb4 COLLATE=utf8mb4_unicode_ci;

--
-- Déchargement des données de la table `departments`
--

INSERT INTO `departments` (`id`, `region_code`, `code`, `name`, `slug`) VALUES
(1, '84', '01', 'Ain', 'ain'),
(2, '32', '02', 'Aisne', 'aisne'),
(3, '84', '03', 'Allier', 'allier'),
(4, '93', '04', 'Alpes-de-Haute-Provence', 'alpes de haute provence'),
(5, '93', '05', 'Hautes-Alpes', 'hautes alpes'),
(6, '93', '06', 'Alpes-Maritimes', 'alpes maritimes'),
(7, '84', '07', 'Ardèche', 'ardeche'),
(8, '44', '08', 'Ardennes', 'ardennes'),
(9, '76', '09', 'Ariège', 'ariege'),
(10, '44', '10', 'Aube', 'aube'),
(11, '76', '11', 'Aude', 'aude'),
(12, '76', '12', 'Aveyron', 'aveyron'),
(13, '93', '13', 'Bouches-du-Rhône', 'bouches du rhone'),
(14, '28', '14', 'Calvados', 'calvados'),
(15, '84', '15', 'Cantal', 'cantal'),
(16, '75', '16', 'Charente', 'charente'),
(17, '75', '17', 'Charente-Maritime', 'charente maritime'),
(18, '24', '18', 'Cher', 'cher'),
(19, '75', '19', 'Corrèze', 'correze'),
(20, '27', '21', 'Côte-d\'Or', 'cote dor'),
(21, '53', '22', 'Côtes-d\'Armor', 'cotes darmor'),
(22, '75', '23', 'Creuse', 'creuse'),
(23, '75', '24', 'Dordogne', 'dordogne'),
(24, '27', '25', 'Doubs', 'doubs'),
(25, '84', '26', 'Drôme', 'drome'),
(26, '28', '27', 'Eure', 'eure'),
(27, '24', '28', 'Eure-et-Loir', 'eure et loir'),
(28, '53', '29', 'Finistère', 'finistere'),
(29, '94', '2A', 'Corse-du-Sud', 'corse du sud'),
(30, '94', '2B', 'Haute-Corse', 'haute corse'),
(31, '76', '30', 'Gard', 'gard'),
(32, '76', '31', 'Haute-Garonne', 'haute garonne'),
(33, '76', '32', 'Gers', 'gers'),
(34, '75', '33', 'Gironde', 'gironde'),
(35, '76', '34', 'Hérault', 'herault'),
(36, '53', '35', 'Ille-et-Vilaine', 'ille et vilaine'),
(37, '24', '36', 'Indre', 'indre'),
(38, '24', '37', 'Indre-et-Loire', 'indre et loire'),
(39, '84', '38', 'Isère', 'isere'),
(40, '27', '39', 'Jura', 'jura'),
(41, '75', '40', 'Landes', 'landes'),
(42, '24', '41', 'Loir-et-Cher', 'loir et cher'),
(43, '84', '42', 'Loire', 'loire'),
(44, '84', '43', 'Haute-Loire', 'haute loire'),
(45, '52', '44', 'Loire-Atlantique', 'loire atlantique'),
(46, '24', '45', 'Loiret', 'loiret'),
(47, '76', '46', 'Lot', 'lot'),
(48, '75', '47', 'Lot-et-Garonne', 'lot et garonne'),
(49, '76', '48', 'Lozère', 'lozere'),
(50, '52', '49', 'Maine-et-Loire', 'maine et loire'),
(51, '28', '50', 'Manche', 'manche'),
(52, '44', '51', 'Marne', 'marne'),
(53, '44', '52', 'Haute-Marne', 'haute marne'),
(54, '52', '53', 'Mayenne', 'mayenne'),
(55, '44', '54', 'Meurthe-et-Moselle', 'meurthe et moselle'),
(56, '44', '55', 'Meuse', 'meuse'),
(57, '53', '56', 'Morbihan', 'morbihan'),
(58, '44', '57', 'Moselle', 'moselle'),
(59, '27', '58', 'Nièvre', 'nievre'),
(60, '32', '59', 'Nord', 'nord'),
(61, '32', '60', 'Oise', 'oise'),
(62, '28', '61', 'Orne', 'orne'),
(63, '32', '62', 'Pas-de-Calais', 'pas de calais'),
(64, '84', '63', 'Puy-de-Dôme', 'puy de dome'),
(65, '75', '64', 'Pyrénées-Atlantiques', 'pyrenees atlantiques'),
(66, '76', '65', 'Hautes-Pyrénées', 'hautes pyrenees'),
(67, '76', '66', 'Pyrénées-Orientales', 'pyrenees orientales'),
(68, '44', '67', 'Bas-Rhin', 'bas rhin'),
(69, '44', '68', 'Haut-Rhin', 'haut rhin'),
(70, '84', '69', 'Rhône', 'rhone'),
(71, '27', '70', 'Haute-Saône', 'haute saone'),
(72, '27', '71', 'Saône-et-Loire', 'saone et loire'),
(73, '52', '72', 'Sarthe', 'sarthe'),
(74, '84', '73', 'Savoie', 'savoie'),
(75, '84', '74', 'Haute-Savoie', 'haute savoie'),
(76, '11', '75', 'Paris', 'paris'),
(77, '28', '76', 'Seine-Maritime', 'seine maritime'),
(78, '11', '77', 'Seine-et-Marne', 'seine et marne'),
(79, '11', '78', 'Yvelines', 'yvelines'),
(80, '75', '79', 'Deux-Sèvres', 'deux sevres'),
(81, '32', '80', 'Somme', 'somme'),
(82, '76', '81', 'Tarn', 'tarn'),
(83, '76', '82', 'Tarn-et-Garonne', 'tarn et garonne'),
(84, '93', '83', 'Var', 'var'),
(85, '93', '84', 'Vaucluse', 'vaucluse'),
(86, '52', '85', 'Vendée', 'vendee'),
(87, '75', '86', 'Vienne', 'vienne'),
(88, '75', '87', 'Haute-Vienne', 'haute vienne'),
(89, '44', '88', 'Vosges', 'vosges'),
(90, '27', '89', 'Yonne', 'yonne'),
(91, '27', '90', 'Territoire de Belfort', 'territoire de belfort'),
(92, '11', '91', 'Essonne', 'essonne'),
(93, '11', '92', 'Hauts-de-Seine', 'hauts de seine'),
(94, '11', '93', 'Seine-Saint-Denis', 'seine saint denis'),
(95, '11', '94', 'Val-de-Marne', 'val de marne'),
(96, '11', '95', 'Val-d\'Oise', 'val doise'),
(97, '01', '971', 'Guadeloupe', 'guadeloupe'),
(98, '02', '972', 'Martinique', 'martinique'),
(99, '03', '973', 'Guyane', 'guyane'),
(100, '04', '974', 'La Réunion', 'la reunion'),
(101, '06', '976', 'Mayotte', 'mayotte'),
(102, 'COM', '975', 'Saint-Pierre-et-Miquelon', 'saint pierre et miquelon'),
(103, 'COM', '977', 'Saint-Barthélemy', 'saint barthelemy'),
(104, 'COM', '978', 'Saint-Martin', 'saint martin'),
(105, 'COM', '984', 'Terres australes et antarctiques françaises', 'terres australes et antarctiques francaises'),
(106, 'COM', '986', 'Wallis et Futuna', 'wallis et futuna'),
(107, 'COM', '987', 'Polynésie française', 'polynesie francaise'),
(108, 'COM', '988', 'Nouvelle-Calédonie', 'nouvelle caledonie'),
(109, 'COM', '989', 'Île de Clipperton', 'ile de clipperton');

--
-- Structure de la table `regions`
--

CREATE TABLE `regions` (
  `id` int(10) UNSIGNED NOT NULL,
  `code` varchar(3) COLLATE utf8mb4_unicode_ci NOT NULL,
  `name` varchar(255) COLLATE utf8mb4_unicode_ci NOT NULL,
  `slug` varchar(255) COLLATE utf8mb4_unicode_ci NOT NULL
) ENGINE=InnoDB DEFAULT CHARSET=utf8mb4 COLLATE=utf8mb4_unicode_ci;

--
-- Déchargement des données de la table `regions`
--

INSERT INTO `regions` (`id`, `code`, `name`, `slug`) VALUES
(1, '01', 'Guadeloupe', 'guadeloupe'),
(2, '02', 'Martinique', 'martinique'),
(3, '03', 'Guyane', 'guyane'),
(4, '04', 'La Réunion', 'la reunion'),
(5, '06', 'Mayotte', 'mayotte'),
(6, '11', 'Île-de-France', 'ile de france'),
(7, '24', 'Centre-Val de Loire', 'centre val de loire'),
(8, '27', 'Bourgogne-Franche-Comté', 'bourgogne franche comte'),
(9, '28', 'Normandie', 'normandie'),
(10, '32', 'Hauts-de-France', 'hauts de france'),
(11, '44', 'Grand Est', 'grand est'),
(12, '52', 'Pays de la Loire', 'pays de la loire'),
(13, '53', 'Bretagne', 'bretagne'),
(14, '75', 'Nouvelle-Aquitaine', 'nouvelle aquitaine'),
(15, '76', 'Occitanie', 'occitanie'),
(16, '84', 'Auvergne-Rhône-Alpes', 'auvergne rhone alpes'),
(17, '93', 'Provence-Alpes-Côte d\'Azur', 'provence alpes cote dazur'),
(18, '94', 'Corse', 'corse'),
(19, 'COM', 'Collectivités d\'Outre-Mer', 'collectivites doutre mer');


--
-- Index pour la table `cities`
--
ALTER TABLE `cities`
  ADD PRIMARY KEY (`id`),
  ADD KEY `cities_department_code_foreign` (`department_code`);


--
-- Index pour la table `departments`
--
ALTER TABLE `departments`
  ADD PRIMARY KEY (`id`),
  ADD KEY `departments_region_code_foreign` (`region_code`),
  ADD KEY `departments_code_index` (`code`);


--
-- Index pour la table `regions`
--
ALTER TABLE `regions`
  ADD PRIMARY KEY (`id`),
  ADD UNIQUE KEY `regions_code_unique` (`code`);


--
-- AUTO_INCREMENT pour la table `cities`
--
ALTER TABLE `cities`
  MODIFY `id` int(10) UNSIGNED NOT NULL AUTO_INCREMENT, AUTO_INCREMENT=35610;

--
-- AUTO_INCREMENT pour la table `departments`
--
ALTER TABLE `departments`
  MODIFY `id` int(10) UNSIGNED NOT NULL AUTO_INCREMENT, AUTO_INCREMENT=110;

--
-- AUTO_INCREMENT pour la table `regions`
--
ALTER TABLE `regions`
  MODIFY `id` int(10) UNSIGNED NOT NULL AUTO_INCREMENT, AUTO_INCREMENT=20;

--
-- Contraintes pour la table `cities`
--
ALTER TABLE `cities`
  ADD CONSTRAINT `cities_department_code_foreign` FOREIGN KEY (`department_code`) REFERENCES `departments` (`code`) ON DELETE CASCADE;

--
-- Contraintes pour la table `departments`
--
ALTER TABLE `departments`
  ADD CONSTRAINT `departments_region_code_foreign` FOREIGN KEY (`region_code`) REFERENCES `regions` (`code`) ON DELETE CASCADE;


